--========================================================================================
CREATE USER PACIFICO_COSTOS
       IDENTIFIED BY <Enter User Password Here>
       DEFAULT TABLESPACE TSD_PACIFICO;
GRANT CREATE SESSION TO PACIFICO_COSTOS;
GRANT CONNECT TO PACIFICO_COSTOS;
ALTER USER PACIFICO_COSTOS QUOTA UNLIMITED ON TSD_PACIFICO;
--========================================================================================


---------------------------------------------------------------------------------
-------------- DROP TABLAS ---------------------------------------------------------
---------------------------------------------------------------------------------
DROP TABLE PACIFICO_COSTOS.MS_SEGURIDAD_PERMISOS CASCADE CONSTRAINTS;
DROP TABLE PACIFICO_COSTOS.MS_SEGURIDAD_ROLES CASCADE CONSTRAINTS;
DROP TABLE PACIFICO_COSTOS.MS_SEGURIDAD_PERMISO_ROL CASCADE CONSTRAINTS;
DROP TABLE PACIFICO_COSTOS.MS_SEGURIDAD_USUARIOS CASCADE CONSTRAINTS;

DROP TABLE PACIFICO_COSTOS.MS_PLAN_DE_CUENTAS CASCADE CONSTRAINTS;
DROP TABLE PACIFICO_COSTOS.MS_PLAN_DE_CUENTA_LINEAS CASCADE CONSTRAINTS;

DROP TABLE PACIFICO_COSTOS.MS_GRUPO_GASTOS CASCADE CONSTRAINTS;
DROP TABLE PACIFICO_COSTOS.MS_PARTIDAS CASCADE CONSTRAINTS;
DROP TABLE PACIFICO_COSTOS.MS_PARTIDA_LINEAS CASCADE CONSTRAINTS;

DROP TABLE PACIFICO_COSTOS.MS_PARTIDA_CUENTA_CONTABLE CASCADE CONSTRAINTS;

DROP TABLE PACIFICO_COSTOS.MS_CENTRO_NIVELES CASCADE CONSTRAINTS;
DROP TABLE PACIFICO_COSTOS.MS_CENTRO_TIPOS CASCADE CONSTRAINTS;
DROP TABLE PACIFICO_COSTOS.MS_CENTROS CASCADE CONSTRAINTS;
DROP TABLE PACIFICO_COSTOS.MS_CENTRO_LINEAS CASCADE CONSTRAINTS;

DROP TABLE PACIFICO_COSTOS.MS_CUENTA_PARTIDA_CENTRO CASCADE CONSTRAINTS;

DROP TABLE PACIFICO_COSTOS.MS_ENTIDAD_TIPOS CASCADE CONSTRAINTS;

DROP TABLE PACIFICO_COSTOS.MS_PRODUCTOS CASCADE CONSTRAINTS;
DROP TABLE PACIFICO_COSTOS.MS_PRODUCTO_LINEAS CASCADE CONSTRAINTS;
DROP TABLE PACIFICO_COSTOS.MS_PRODUCTO_GRUPOS CASCADE CONSTRAINTS;
DROP TABLE PACIFICO_COSTOS.MS_SUBCANALS CASCADE CONSTRAINTS;
DROP TABLE PACIFICO_COSTOS.MS_SUBCANAL_LINEAS CASCADE CONSTRAINTS;
DROP TABLE PACIFICO_COSTOS.MS_SUBCANAL_GRUPOS CASCADE CONSTRAINTS;
DROP TABLE PACIFICO_COSTOS.MS_JERARQUIA CASCADE CONSTRAINTS;

DROP TABLE PACIFICO_COSTOS.MS_DRIVER_TIPOS CASCADE CONSTRAINTS;
DROP TABLE PACIFICO_COSTOS.MS_DRIVERS CASCADE CONSTRAINTS;
DROP TABLE PACIFICO_COSTOS.MS_DRIVER_LINEAS CASCADE CONSTRAINTS;
DROP TABLE PACIFICO_COSTOS.MS_DRIVER_OBJETO_LINEAS CASCADE CONSTRAINTS;


DROP TABLE PACIFICO_COSTOS.MS_BOLSA_DRIVER CASCADE CONSTRAINTS;
DROP TABLE PACIFICO_COSTOS.MS_ENTIDAD_ORIGEN_DRIVER CASCADE CONSTRAINTS;
DROP TABLE PACIFICO_COSTOS.MS_OBJETO_DRIVER CASCADE CONSTRAINTS;

DROP TABLE PACIFICO_COSTOS.MS_EJECUCIONES CASCADE CONSTRAINTS;
DROP TABLE PACIFICO_COSTOS.MS_EJECUCION_TEMPORAL CASCADE CONSTRAINTS;
DROP TABLE PACIFICO_COSTOS.MS_CIERRE_PROCESO CASCADE CONSTRAINTS;
DROP TABLE PACIFICO_COSTOS.MS_CARGAR_HOJA_DRIVER CASCADE CONSTRAINTS;
DROP TABLE PACIFICO_COSTOS.MS_CASCADA CASCADE CONSTRAINTS;
DROP TABLE PACIFICO_COSTOS.MS_OBJETO_LINEAS CASCADE CONSTRAINTS;

DROP TABLE PACIFICO_COSTOS.MS_TRAZA CASCADE CONSTRAINTS;
DROP TABLE PACIFICO_COSTOS.MS_TRAZA_CASCADA CASCADE CONSTRAINTS;

DROP TABLE PACIFICO_COSTOS.MS_EJECUCIONES_REPORTES CASCADE CONSTRAINTS;
DROP TABLE PACIFICO_COSTOS.MS_REPORTE_BOLSAS_OFICINAS_R CASCADE CONSTRAINTS;
DROP TABLE PACIFICO_COSTOS.MS_REPORTE_CASCADA_R CASCADE CONSTRAINTS;
DROP TABLE PACIFICO_COSTOS.MS_REPORTE_OBJETOS_R CASCADE CONSTRAINTS;
DROP TABLE PACIFICO_COSTOS.MS_REPORTE_BOLSAS_OFICINAS_P CASCADE CONSTRAINTS;
DROP TABLE PACIFICO_COSTOS.MS_REPORTE_CASCADA_P CASCADE CONSTRAINTS;
DROP TABLE PACIFICO_COSTOS.MS_REPORTE_OBJETOS_P CASCADE CONSTRAINTS;
---------------------------------------------------------------------------------
-------------- SEGURIDAD ---------------------------------------------------------
---------------------------------------------------------------------------------
CREATE TABLE PACIFICO_COSTOS.MS_SEGURIDAD_PERMISOS (
  codigo VARCHAR2(50) NOT NULL,
  nombre VARCHAR2(150) NOT NULL,
  descripcion VARCHAR2(150),
  CONSTRAINT MS_seguridad_permisos_pk PRIMARY KEY(codigo)
);
INSERT INTO PACIFICO_COSTOS.MS_seguridad_permisos(codigo,nombre,descripcion) VALUES('INI_VER','INICIO - VER','Ver el módulo de Inicio.');
INSERT INTO PACIFICO_COSTOS.MS_seguridad_permisos(codigo,nombre,descripcion) VALUES('APR_VER','APROVISIONAMIENTO - VER','Ver el módulo de Aprovisionamiento.');
INSERT INTO PACIFICO_COSTOS.MS_seguridad_permisos(codigo,nombre,descripcion) VALUES('PAR_VER','PARAMETRIZACIÓN - VER','Ver el módulo de Parametrización.');
INSERT INTO PACIFICO_COSTOS.MS_seguridad_permisos(codigo,nombre,descripcion) VALUES('PRO_VER','PROCESOS - VER','Ver el módulo de Procesos.');
INSERT INTO PACIFICO_COSTOS.MS_seguridad_permisos(codigo,nombre,descripcion) VALUES('REP_VER','REPORTING - VER','Ver el módulo de Reporting.');
INSERT INTO PACIFICO_COSTOS.MS_seguridad_permisos(codigo,nombre,descripcion) VALUES('APR_BAL_CARGAR','APROVISIONAMIENTO - BALANCENTE - CARGAR','');
INSERT INTO PACIFICO_COSTOS.MS_seguridad_permisos(codigo,nombre,descripcion) VALUES('APR_DRI_CECO_CARGAR','APROVISIONAMIENTO - DRIVER CENTROS DE COSTOS - CARGAR','');
INSERT INTO PACIFICO_COSTOS.MS_seguridad_permisos(codigo,nombre,descripcion) VALUES('APR_DRI_CECO_CREAR','APROVISIONAMIENTO - DRIVER CENTROS DE COSTOS - CREAR','');
INSERT INTO PACIFICO_COSTOS.MS_seguridad_permisos(codigo,nombre,descripcion) VALUES('APR_DRI_CECO_EDITAR','APROVISIONAMIENTO - DRIVER CENTROS DE COSTOS - EDITAR','');
INSERT INTO PACIFICO_COSTOS.MS_seguridad_permisos(codigo,nombre,descripcion) VALUES('APR_DRI_CECO_ELIMINAR','APROVISIONAMIENTO - DRIVER CENTROS DE COSTOS - ELIMINAR','');
INSERT INTO PACIFICO_COSTOS.MS_seguridad_permisos(codigo,nombre,descripcion) VALUES('APR_DRI_OBCO_CARGAR','APROVISIONAMIENTO - DRIVER OBJETOS DE COSTOS - CARGAR','');
INSERT INTO PACIFICO_COSTOS.MS_seguridad_permisos(codigo,nombre,descripcion) VALUES('APR_DRI_OBCO_CREAR','APROVISIONAMIENTO - DRIVER OBJETOS DE COSTOS - CREAR','');
INSERT INTO PACIFICO_COSTOS.MS_seguridad_permisos(codigo,nombre,descripcion) VALUES('APR_DRI_OBCO_EDITAR','APROVISIONAMIENTO - DRIVER OBJETOS DE COSTOS - EDITAR','');
INSERT INTO PACIFICO_COSTOS.MS_seguridad_permisos(codigo,nombre,descripcion) VALUES('APR_DRI_OBCO_ELIMINAR','APROVISIONAMIENTO - DRIVER OBJETOS DE COSTOS - ELIMINAR','');
INSERT INTO PACIFICO_COSTOS.MS_seguridad_permisos(codigo,nombre,descripcion) VALUES('PAR_COPIAR','PARAMETRIZACIÓN - COPIAR','');
INSERT INTO PACIFICO_COSTOS.MS_seguridad_permisos(codigo,nombre,descripcion) VALUES('PAR_CTA_CAT_CREAR','PARAMETRIZACIÓN - CUENTAS CONTABLES - CREAR','');
INSERT INTO PACIFICO_COSTOS.MS_seguridad_permisos(codigo,nombre,descripcion) VALUES('PAR_CTA_CAT_EDITAR','PARAMETRIZACIÓN - CUENTAS CONTABLES - EDITAR','');
INSERT INTO PACIFICO_COSTOS.MS_seguridad_permisos(codigo,nombre,descripcion) VALUES('PAR_CTA_CAT_ELIMINAR','PARAMETRIZACIÓN - CUENTAS CONTABLES - ELIMINAR','');
INSERT INTO PACIFICO_COSTOS.MS_seguridad_permisos(codigo,nombre,descripcion) VALUES('PAR_CTA_CAT_CARGAR','PARAMETRIZACIÓN - CUENTAS CONTABLES - CARGAR','');
INSERT INTO PACIFICO_COSTOS.MS_seguridad_permisos(codigo,nombre,descripcion) VALUES('PAR_CTA_ASO_AGREGAR','PARAMETRIZACIÓN - CUENTAS CONTABLES - AGREGAR','');
INSERT INTO PACIFICO_COSTOS.MS_seguridad_permisos(codigo,nombre,descripcion) VALUES('PAR_CTA_ASO_QUITAR','PARAMETRIZACIÓN - CUENTAS CONTABLES - QUITAR','');
INSERT INTO PACIFICO_COSTOS.MS_seguridad_permisos(codigo,nombre,descripcion) VALUES('PAR_CTA_ASO_CARGAR','PARAMETRIZACIÓN - CUENTAS CONTABLES - CARGAR','');
INSERT INTO PACIFICO_COSTOS.MS_seguridad_permisos(codigo,nombre,descripcion) VALUES('PAR_GRU_CREAR','PARAMETRIZACIÓN - GRUPOS - CREAR','');
INSERT INTO PACIFICO_COSTOS.MS_seguridad_permisos(codigo,nombre,descripcion) VALUES('PAR_GRU_EDITAR','PARAMETRIZACIÓN - GRUPOS - EDITAR','');
INSERT INTO PACIFICO_COSTOS.MS_seguridad_permisos(codigo,nombre,descripcion) VALUES('PAR_GRU_ELIMINAR','PARAMETRIZACIÓN - GRUPOS - ELIMINAR','');
INSERT INTO PACIFICO_COSTOS.MS_seguridad_permisos(codigo,nombre,descripcion) VALUES('PAR_GRU_CARGAR','PARAMETRIZACIÓN - GRUPOS - CARGAR','');
INSERT INTO PACIFICO_COSTOS.MS_seguridad_permisos(codigo,nombre,descripcion) VALUES('PAR_GRU_CTA_ASIGNAR','PARAMETRIZACIÓN - GRUPOS A CUENTAS CONTABLES - ASIGNAR','');
INSERT INTO PACIFICO_COSTOS.MS_seguridad_permisos(codigo,nombre,descripcion) VALUES('PAR_GRU_CTA_QUITAR','PARAMETRIZACIÓN - GRUPOS A CUENTAS CONTABLES - QUITAR','');
INSERT INTO PACIFICO_COSTOS.MS_seguridad_permisos(codigo,nombre,descripcion) VALUES('PAR_GRU_CTA_CARGAR','PARAMETRIZACIÓN - GRUPOS A CUENTAS CONTABLES - CARGAR','');
INSERT INTO PACIFICO_COSTOS.MS_seguridad_permisos(codigo,nombre,descripcion) VALUES('PAR_CECO_CAT_CREAR','PARAMETRIZACIÓN - CENTROS DE COSTOS - CREAR','');
INSERT INTO PACIFICO_COSTOS.MS_seguridad_permisos(codigo,nombre,descripcion) VALUES('PAR_CECO_CAT_EDITAR','PARAMETRIZACIÓN - CENTROS DE COSTOS - EDITAR','');
INSERT INTO PACIFICO_COSTOS.MS_seguridad_permisos(codigo,nombre,descripcion) VALUES('PAR_CECO_CAT_ELIMINAR','PARAMETRIZACIÓN - CENTROS DE COSTOS - ELIMINAR','');
INSERT INTO PACIFICO_COSTOS.MS_seguridad_permisos(codigo,nombre,descripcion) VALUES('PAR_CECO_CAT_CARGAR','PARAMETRIZACIÓN - CENTROS DE COSTOS - CARGAR','');
INSERT INTO PACIFICO_COSTOS.MS_seguridad_permisos(codigo,nombre,descripcion) VALUES('PAR_CECO_ASO_AGREGAR','PARAMETRIZACIÓN - CENTROS DE COSTOS - AGREGAR','');
INSERT INTO PACIFICO_COSTOS.MS_seguridad_permisos(codigo,nombre,descripcion) VALUES('PAR_CECO_ASO_QUITAR','PARAMETRIZACIÓN - CENTROS DE COSTOS - QUITAR','');
INSERT INTO PACIFICO_COSTOS.MS_seguridad_permisos(codigo,nombre,descripcion) VALUES('PAR_CECO_ASO_CARGAR','PARAMETRIZACIÓN - CENTROS DE COSTOS - CARGAR','');
INSERT INTO PACIFICO_COSTOS.MS_seguridad_permisos(codigo,nombre,descripcion) VALUES('PAR_OFI_CAT_CREAR','PARAMETRIZACIÓN - OFICINAS - CREAR','');
INSERT INTO PACIFICO_COSTOS.MS_seguridad_permisos(codigo,nombre,descripcion) VALUES('PAR_OFI_CAT_EDITAR','PARAMETRIZACIÓN - OFICINAS - EDITAR','');
INSERT INTO PACIFICO_COSTOS.MS_seguridad_permisos(codigo,nombre,descripcion) VALUES('PAR_OFI_CAT_ELIMINAR','PARAMETRIZACIÓN - OFICINAS - ELIMINAR','');
INSERT INTO PACIFICO_COSTOS.MS_seguridad_permisos(codigo,nombre,descripcion) VALUES('PAR_OFI_CAT_CARGAR','PARAMETRIZACIÓN - OFICINAS - CARGAR','');
INSERT INTO PACIFICO_COSTOS.MS_seguridad_permisos(codigo,nombre,descripcion) VALUES('PAR_OFI_ASO_AGREGAR','PARAMETRIZACIÓN - OFICINAS - AGREGAR','');
INSERT INTO PACIFICO_COSTOS.MS_seguridad_permisos(codigo,nombre,descripcion) VALUES('PAR_OFI_ASO_QUITAR','PARAMETRIZACIÓN - OFICINAS - QUITAR','');
INSERT INTO PACIFICO_COSTOS.MS_seguridad_permisos(codigo,nombre,descripcion) VALUES('PAR_OFI_ASO_CARGAR','PARAMETRIZACIÓN - OFICINAS - CARGAR','');
INSERT INTO PACIFICO_COSTOS.MS_seguridad_permisos(codigo,nombre,descripcion) VALUES('PAR_BAN_CAT_CREAR','PARAMETRIZACIÓN - BANCAS - CREAR','');
INSERT INTO PACIFICO_COSTOS.MS_seguridad_permisos(codigo,nombre,descripcion) VALUES('PAR_BAN_CAT_EDITAR','PARAMETRIZACIÓN - BANCAS - EDITAR','');
INSERT INTO PACIFICO_COSTOS.MS_seguridad_permisos(codigo,nombre,descripcion) VALUES('PAR_BAN_CAT_ELIMINAR','PARAMETRIZACIÓN - BANCAS - ELIMINAR','');
INSERT INTO PACIFICO_COSTOS.MS_seguridad_permisos(codigo,nombre,descripcion) VALUES('PAR_BAN_CAT_CARGAR','PARAMETRIZACIÓN - BANCAS - CARGAR','');
INSERT INTO PACIFICO_COSTOS.MS_seguridad_permisos(codigo,nombre,descripcion) VALUES('PAR_BAN_ASO_AGREGAR','PARAMETRIZACIÓN - BANCAS - AGREGAR','');
INSERT INTO PACIFICO_COSTOS.MS_seguridad_permisos(codigo,nombre,descripcion) VALUES('PAR_BAN_ASO_QUITAR','PARAMETRIZACIÓN - BANCAS - QUITAR','');
INSERT INTO PACIFICO_COSTOS.MS_seguridad_permisos(codigo,nombre,descripcion) VALUES('PAR_BAN_ASO_CARGAR','PARAMETRIZACIÓN - BANCAS - CARGAR','');
INSERT INTO PACIFICO_COSTOS.MS_seguridad_permisos(codigo,nombre,descripcion) VALUES('PAR_PRO_CAT_CREAR','PARAMETRIZACIÓN - PRODUCTOS - CATÁLOGO - CREAR','');
INSERT INTO PACIFICO_COSTOS.MS_seguridad_permisos(codigo,nombre,descripcion) VALUES('PAR_PRO_CAT_EDITAR','PARAMETRIZACIÓN - PRODUCTOS - CATÁLOGO - EDITAR','');
INSERT INTO PACIFICO_COSTOS.MS_seguridad_permisos(codigo,nombre,descripcion) VALUES('PAR_PRO_CAT_ELIMINAR','PARAMETRIZACIÓN - PRODUCTOS - CATÁLOGO - ELIMINAR','');
INSERT INTO PACIFICO_COSTOS.MS_seguridad_permisos(codigo,nombre,descripcion) VALUES('PAR_PRO_CAT_CARGAR','PARAMETRIZACIÓN - PRODUCTOS - CATÁLOGO - CARGAR','');
INSERT INTO PACIFICO_COSTOS.MS_seguridad_permisos(codigo,nombre,descripcion) VALUES('PAR_PRO_ASO_AGREGAR','PARAMETRIZACIÓN - PRODUCTOS - ASOCIACIÓN - AGREGAR','');
INSERT INTO PACIFICO_COSTOS.MS_seguridad_permisos(codigo,nombre,descripcion) VALUES('PAR_PRO_ASO_QUITAR','PARAMETRIZACIÓN - PRODUCTOS - ASOCIACIÓN - QUITAR','');
INSERT INTO PACIFICO_COSTOS.MS_seguridad_permisos(codigo,nombre,descripcion) VALUES('PAR_PRO_ASO_CARGAR','PARAMETRIZACIÓN - PRODUCTOS - ASOCIACIÓN - CARGAR','');
INSERT INTO PACIFICO_COSTOS.MS_seguridad_permisos(codigo,nombre,descripcion) VALUES('PAR_DRI_ENT_ASIGNAR','PARAMETRIZACIÓN - DRIVER A ENTIDAD - ASIGNAR','');
INSERT INTO PACIFICO_COSTOS.MS_seguridad_permisos(codigo,nombre,descripcion) VALUES('PAR_DRI_ENT_QUITAR','PARAMETRIZACIÓN - DRIVER A ENTIDAD - QUITAR','');
INSERT INTO PACIFICO_COSTOS.MS_seguridad_permisos(codigo,nombre,descripcion) VALUES('PAR_DRI_ENT_CARGAR','PARAMETRIZACIÓN - DRIVER A ENTIDAD - CARGAR','');
INSERT INTO PACIFICO_COSTOS.MS_seguridad_permisos(codigo,nombre,descripcion) VALUES('PRO_EJECUTAR','PROCESOS - EJECUTAR','');
INSERT INTO PACIFICO_COSTOS.MS_seguridad_permisos(codigo,nombre,descripcion) VALUES('REP_DESCARGAR','REPORTING - DESCARGAR','');
COMMIT;
----------------------------------------------------------------------------------------------------------------------------------------------------
CREATE TABLE PACIFICO_COSTOS.MS_seguridad_roles (
  codigo VARCHAR2(10) NOT NULL,
  nombre VARCHAR2(150) NOT NULL,
  descripcion VARCHAR2(150),
  fecha_creacion DATE,
  fecha_actualizacion DATE,
  CONSTRAINT MS_seguridad_roles_pk PRIMARY KEY(codigo)
);
INSERT INTO PACIFICO_COSTOS.MS_seguridad_roles(codigo,nombre,descripcion) VALUES('ADM','Administrador','Rol con permisos de lectura, creación, edición y eliminación.');
INSERT INTO PACIFICO_COSTOS.MS_seguridad_roles(codigo,nombre,descripcion) VALUES('USR','Usuario','Rol con permisos de lectura.');
COMMIT;
-------------------------------------------------------------------------------------------------------------------------------------------------------
CREATE TABLE PACIFICO_COSTOS.MS_seguridad_permiso_rol (
  permiso_codigo VARCHAR2(50) NOT NULL,
  rol_codigo VARCHAR2(10) NOT NULL,
  CONSTRAINT MS_seguridad_permiso_rol_1_fk FOREIGN KEY(permiso_codigo) REFERENCES MS_seguridad_permisos(codigo),
  CONSTRAINT MS_seguridad_permiso_rol_2_fk FOREIGN KEY(rol_codigo) REFERENCES MS_seguridad_roles(codigo)
);
INSERT INTO PACIFICO_COSTOS.MS_seguridad_permiso_rol(permiso_codigo,rol_codigo) VALUES('INI_VER','ADM');
INSERT INTO PACIFICO_COSTOS.MS_seguridad_permiso_rol(permiso_codigo,rol_codigo) VALUES('APR_VER','ADM');
INSERT INTO PACIFICO_COSTOS.MS_seguridad_permiso_rol(permiso_codigo,rol_codigo) VALUES('PAR_VER','ADM');
INSERT INTO PACIFICO_COSTOS.MS_seguridad_permiso_rol(permiso_codigo,rol_codigo) VALUES('PRO_VER','ADM');
INSERT INTO PACIFICO_COSTOS.MS_seguridad_permiso_rol(permiso_codigo,rol_codigo) VALUES('REP_VER','ADM');
INSERT INTO PACIFICO_COSTOS.MS_seguridad_permiso_rol(permiso_codigo,rol_codigo) VALUES('APR_BAL_CARGAR','ADM');
INSERT INTO PACIFICO_COSTOS.MS_seguridad_permiso_rol(permiso_codigo,rol_codigo) VALUES('APR_DRI_CECO_CARGAR','ADM');
INSERT INTO PACIFICO_COSTOS.MS_seguridad_permiso_rol(permiso_codigo,rol_codigo) VALUES('APR_DRI_CECO_CREAR','ADM');
INSERT INTO PACIFICO_COSTOS.MS_seguridad_permiso_rol(permiso_codigo,rol_codigo) VALUES('APR_DRI_CECO_EDITAR','ADM');
INSERT INTO PACIFICO_COSTOS.MS_seguridad_permiso_rol(permiso_codigo,rol_codigo) VALUES('APR_DRI_CECO_ELIMINAR','ADM');
INSERT INTO PACIFICO_COSTOS.MS_seguridad_permiso_rol(permiso_codigo,rol_codigo) VALUES('APR_DRI_OBCO_CARGAR','ADM');
INSERT INTO PACIFICO_COSTOS.MS_seguridad_permiso_rol(permiso_codigo,rol_codigo) VALUES('APR_DRI_OBCO_CREAR','ADM');
INSERT INTO PACIFICO_COSTOS.MS_seguridad_permiso_rol(permiso_codigo,rol_codigo) VALUES('APR_DRI_OBCO_EDITAR','ADM');
INSERT INTO PACIFICO_COSTOS.MS_seguridad_permiso_rol(permiso_codigo,rol_codigo) VALUES('APR_DRI_OBCO_ELIMINAR','ADM');
INSERT INTO PACIFICO_COSTOS.MS_seguridad_permiso_rol(permiso_codigo,rol_codigo) VALUES('PAR_COPIAR','ADM');
INSERT INTO PACIFICO_COSTOS.MS_seguridad_permiso_rol(permiso_codigo,rol_codigo) VALUES('PAR_CTA_CAT_CREAR','ADM');
INSERT INTO PACIFICO_COSTOS.MS_seguridad_permiso_rol(permiso_codigo,rol_codigo) VALUES('PAR_CTA_CAT_EDITAR','ADM');
INSERT INTO PACIFICO_COSTOS.MS_seguridad_permiso_rol(permiso_codigo,rol_codigo) VALUES('PAR_CTA_CAT_ELIMINAR','ADM');
INSERT INTO PACIFICO_COSTOS.MS_seguridad_permiso_rol(permiso_codigo,rol_codigo) VALUES('PAR_CTA_CAT_CARGAR','ADM');
INSERT INTO PACIFICO_COSTOS.MS_seguridad_permiso_rol(permiso_codigo,rol_codigo) VALUES('PAR_CTA_ASO_AGREGAR','ADM');
INSERT INTO PACIFICO_COSTOS.MS_seguridad_permiso_rol(permiso_codigo,rol_codigo) VALUES('PAR_CTA_ASO_QUITAR','ADM');
INSERT INTO PACIFICO_COSTOS.MS_seguridad_permiso_rol(permiso_codigo,rol_codigo) VALUES('PAR_CTA_ASO_CARGAR','ADM');
INSERT INTO PACIFICO_COSTOS.MS_seguridad_permiso_rol(permiso_codigo,rol_codigo) VALUES('PAR_GRU_CREAR','ADM');
INSERT INTO PACIFICO_COSTOS.MS_seguridad_permiso_rol(permiso_codigo,rol_codigo) VALUES('PAR_GRU_EDITAR','ADM');
INSERT INTO PACIFICO_COSTOS.MS_seguridad_permiso_rol(permiso_codigo,rol_codigo) VALUES('PAR_GRU_ELIMINAR','ADM');
INSERT INTO PACIFICO_COSTOS.MS_seguridad_permiso_rol(permiso_codigo,rol_codigo) VALUES('PAR_GRU_CARGAR','ADM');
INSERT INTO PACIFICO_COSTOS.MS_seguridad_permiso_rol(permiso_codigo,rol_codigo) VALUES('PAR_GRU_CTA_ASIGNAR','ADM');
INSERT INTO PACIFICO_COSTOS.MS_seguridad_permiso_rol(permiso_codigo,rol_codigo) VALUES('PAR_GRU_CTA_QUITAR','ADM');
INSERT INTO PACIFICO_COSTOS.MS_seguridad_permiso_rol(permiso_codigo,rol_codigo) VALUES('PAR_GRU_CTA_CARGAR','ADM');
INSERT INTO PACIFICO_COSTOS.MS_seguridad_permiso_rol(permiso_codigo,rol_codigo) VALUES('PAR_CECO_CAT_CREAR','ADM');
INSERT INTO PACIFICO_COSTOS.MS_seguridad_permiso_rol(permiso_codigo,rol_codigo) VALUES('PAR_CECO_CAT_EDITAR','ADM');
INSERT INTO PACIFICO_COSTOS.MS_seguridad_permiso_rol(permiso_codigo,rol_codigo) VALUES('PAR_CECO_CAT_ELIMINAR','ADM');
INSERT INTO PACIFICO_COSTOS.MS_seguridad_permiso_rol(permiso_codigo,rol_codigo) VALUES('PAR_CECO_CAT_CARGAR','ADM');
INSERT INTO PACIFICO_COSTOS.MS_seguridad_permiso_rol(permiso_codigo,rol_codigo) VALUES('PAR_CECO_ASO_AGREGAR','ADM');
INSERT INTO PACIFICO_COSTOS.MS_seguridad_permiso_rol(permiso_codigo,rol_codigo) VALUES('PAR_CECO_ASO_QUITAR','ADM');
INSERT INTO PACIFICO_COSTOS.MS_seguridad_permiso_rol(permiso_codigo,rol_codigo) VALUES('PAR_CECO_ASO_CARGAR','ADM');
INSERT INTO PACIFICO_COSTOS.MS_seguridad_permiso_rol(permiso_codigo,rol_codigo) VALUES('PAR_OFI_CAT_CREAR','ADM');
INSERT INTO PACIFICO_COSTOS.MS_seguridad_permiso_rol(permiso_codigo,rol_codigo) VALUES('PAR_OFI_CAT_EDITAR','ADM');
INSERT INTO PACIFICO_COSTOS.MS_seguridad_permiso_rol(permiso_codigo,rol_codigo) VALUES('PAR_OFI_CAT_ELIMINAR','ADM');
INSERT INTO PACIFICO_COSTOS.MS_seguridad_permiso_rol(permiso_codigo,rol_codigo) VALUES('PAR_OFI_CAT_CARGAR','ADM');
INSERT INTO PACIFICO_COSTOS.MS_seguridad_permiso_rol(permiso_codigo,rol_codigo) VALUES('PAR_OFI_ASO_AGREGAR','ADM');
INSERT INTO PACIFICO_COSTOS.MS_seguridad_permiso_rol(permiso_codigo,rol_codigo) VALUES('PAR_OFI_ASO_QUITAR','ADM');
INSERT INTO PACIFICO_COSTOS.MS_seguridad_permiso_rol(permiso_codigo,rol_codigo) VALUES('PAR_OFI_ASO_CARGAR','ADM');
INSERT INTO PACIFICO_COSTOS.MS_seguridad_permiso_rol(permiso_codigo,rol_codigo) VALUES('PAR_BAN_CAT_CREAR','ADM');
INSERT INTO PACIFICO_COSTOS.MS_seguridad_permiso_rol(permiso_codigo,rol_codigo) VALUES('PAR_BAN_CAT_EDITAR','ADM');
INSERT INTO PACIFICO_COSTOS.MS_seguridad_permiso_rol(permiso_codigo,rol_codigo) VALUES('PAR_BAN_CAT_ELIMINAR','ADM');
INSERT INTO PACIFICO_COSTOS.MS_seguridad_permiso_rol(permiso_codigo,rol_codigo) VALUES('PAR_BAN_CAT_CARGAR','ADM');
INSERT INTO PACIFICO_COSTOS.MS_seguridad_permiso_rol(permiso_codigo,rol_codigo) VALUES('PAR_BAN_ASO_AGREGAR','ADM');
INSERT INTO PACIFICO_COSTOS.MS_seguridad_permiso_rol(permiso_codigo,rol_codigo) VALUES('PAR_BAN_ASO_QUITAR','ADM');
INSERT INTO PACIFICO_COSTOS.MS_seguridad_permiso_rol(permiso_codigo,rol_codigo) VALUES('PAR_BAN_ASO_CARGAR','ADM');
INSERT INTO PACIFICO_COSTOS.MS_seguridad_permiso_rol(permiso_codigo,rol_codigo) VALUES('PAR_PRO_CAT_CREAR','ADM');
INSERT INTO PACIFICO_COSTOS.MS_seguridad_permiso_rol(permiso_codigo,rol_codigo) VALUES('PAR_PRO_CAT_EDITAR','ADM');
INSERT INTO PACIFICO_COSTOS.MS_seguridad_permiso_rol(permiso_codigo,rol_codigo) VALUES('PAR_PRO_CAT_ELIMINAR','ADM');
INSERT INTO PACIFICO_COSTOS.MS_seguridad_permiso_rol(permiso_codigo,rol_codigo) VALUES('PAR_PRO_CAT_CARGAR','ADM');
INSERT INTO PACIFICO_COSTOS.MS_seguridad_permiso_rol(permiso_codigo,rol_codigo) VALUES('PAR_PRO_ASO_AGREGAR','ADM');
INSERT INTO PACIFICO_COSTOS.MS_seguridad_permiso_rol(permiso_codigo,rol_codigo) VALUES('PAR_PRO_ASO_QUITAR','ADM');
INSERT INTO PACIFICO_COSTOS.MS_seguridad_permiso_rol(permiso_codigo,rol_codigo) VALUES('PAR_PRO_ASO_CARGAR','ADM');
INSERT INTO PACIFICO_COSTOS.MS_seguridad_permiso_rol(permiso_codigo,rol_codigo) VALUES('PAR_DRI_ENT_ASIGNAR','ADM');
INSERT INTO PACIFICO_COSTOS.MS_seguridad_permiso_rol(permiso_codigo,rol_codigo) VALUES('PAR_DRI_ENT_QUITAR','ADM');
INSERT INTO PACIFICO_COSTOS.MS_seguridad_permiso_rol(permiso_codigo,rol_codigo) VALUES('PAR_DRI_ENT_CARGAR','ADM');
INSERT INTO PACIFICO_COSTOS.MS_seguridad_permiso_rol(permiso_codigo,rol_codigo) VALUES('PRO_EJECUTAR','ADM');
INSERT INTO PACIFICO_COSTOS.MS_seguridad_permiso_rol(permiso_codigo,rol_codigo) VALUES('REP_DESCARGAR','ADM');
INSERT INTO PACIFICO_COSTOS.MS_seguridad_permiso_rol(permiso_codigo,rol_codigo) VALUES('INI_VER','USR');
INSERT INTO PACIFICO_COSTOS.MS_seguridad_permiso_rol(permiso_codigo,rol_codigo) VALUES('APR_VER','USR');
INSERT INTO PACIFICO_COSTOS.MS_seguridad_permiso_rol(permiso_codigo,rol_codigo) VALUES('PAR_VER','USR');
INSERT INTO PACIFICO_COSTOS.MS_seguridad_permiso_rol(permiso_codigo,rol_codigo) VALUES('PRO_VER','USR');
INSERT INTO PACIFICO_COSTOS.MS_seguridad_permiso_rol(permiso_codigo,rol_codigo) VALUES('REP_VER','USR');
COMMIT;
-----------------------------------------------------------------------------------------------------------------------------------------
CREATE TABLE PACIFICO_COSTOS.MS_seguridad_usuarios (
  usuario VARCHAR2(100) NOT NULL,
  contrasenha VARCHAR2(200) NOT NULL,
  nombres VARCHAR2(100),
  apellidos VARCHAR2(100),
  rol_codigo VARCHAR2(10) NOT NULL,
  CONSTRAINT MS_seguridad_usuarios_pk PRIMARY KEY (usuario),
  CONSTRAINT MS_seguridad_usuarios_1_fk FOREIGN KEY (rol_codigo) REFERENCES MS_seguridad_roles(codigo)
);
INSERT INTO PACIFICO_COSTOS.MS_seguridad_usuarios(usuario,contrasenha,rol_codigo) VALUES('admin','secret','ADM');
INSERT INTO PACIFICO_COSTOS.MS_seguridad_usuarios(usuario,contrasenha,rol_codigo) VALUES('user','secret','USR');
COMMIT;

-----------------------------------------------------------------------------------------------------------------------------------------
-------------- CUENTAS CONTABLES ---------------------------------------------------------
------------------------------------------------------------------------------------------
CREATE TABLE PACIFICO_COSTOS.MS_plan_de_cuentas (
  codigo VARCHAR2(15) NOT NULL,
  nombre VARCHAR2(100) NOT NULL,
  esta_activo NUMBER(1) NULL,
  reparto_tipo NUMBER(1) NOT NULL,
  niif17_atribuible CHAR(2 BYTE) NOT NULL ,
  niif17_tipo CHAR(2 BYTE) NOT NULL ,
  niif17_clase CHAR(2 BYTE) NOT NULL ,
  tipo_gasto NUMBER(1) NOT NULL,
  fecha_creacion DATE,
  fecha_actualizacion DATE,
  CONSTRAINT MS_plan_de_cuentas_pk PRIMARY KEY(codigo)
);
------------------------------------------------------------------------------------------
CREATE TABLE PACIFICO_COSTOS.MS_plan_de_cuenta_lineas (
  plan_de_cuenta_codigo VARCHAR2(15) NOT NULL,
  periodo NUMBER(6) NOT NULL,
  saldo NUMBER(35,8) NOT NULL,
  reparto_tipo NUMBER(1) NOT NULL,
  fecha_creacion DATE,
  fecha_actualizacion DATE,
  CONSTRAINT MS_plan_de_cuenta_lineas_pk PRIMARY KEY(plan_de_cuenta_codigo,periodo)
);


---------------------------------------------------------------------------------
-------------- PARTIDAS ---------------------------------------------------------
---------------------------------------------------------------------------------
CREATE TABLE PACIFICO_COSTOS.MS_GRUPO_GASTOS (
  CODIGO VARCHAR2(8 BYTE) NOT NULL ,
  NOMBRE VARCHAR2(100 BYTE) NOT NULL ,
  DESCRIPCION VARCHAR2(100 BYTE),
  FECHA_CREACION DATE,
  FECHA_ACTUALIZACION DATE
);

INSERT INTO PACIFICO_COSTOS.MS_GRUPO_GASTOS (CODIGO,NOMBRE,DESCRIPCION,FECHA_CREACION,FECHA_ACTUALIZACION) VALUES ('GP','GASTO DE PERSONAL','GASTO DE PERSONAL',NULL,NULL);
COMMIT;

 CREATE TABLE PACIFICO_COSTOS.MS_PARTIDAS
    ( CODIGO VARCHAR2(6 BYTE) NOT NULL ,
  NOMBRE VARCHAR2(100 BYTE) NOT NULL ,
  REPARTO_TIPO NUMBER(1,0) NOT NULL ,
  FECHA_CREACION DATE,
  FECHA_ACTUALIZACION DATE,
  GRUPO_GASTO CHAR(2 BYTE) NOT NULL,
  tipo_gasto NUMBER(1) NOT NULL
 );
 CREATE TABLE PACIFICO_COSTOS.MS_PARTIDA_LINEAS
   (  PARTIDA_CODIGO VARCHAR2(6 BYTE) NOT NULL ,
  PERIODO NUMBER(6,0) NOT NULL ,
  SALDO NUMBER(35,8) NOT NULL ,
  reparto_tipo NUMBER(1) NOT NULL,
  FECHA_CREACION DATE,
  FECHA_ACTUALIZACION DATE
 );
---------------------------------------------------------------------------------
-------------- PARTIDAS - CUENTA CONTABLE ---------------------------------------------------------
---------------------------------------------------------------------------------

CREATE TABLE PACIFICO_COSTOS.MS_PARTIDA_CUENTA_CONTABLE
   (  PARTIDA_CODIGO VARCHAR2(6 BYTE) NOT NULL ,
  CUENTA_CONTABLE_CODIGO VARCHAR2(15 BYTE) NOT NULL ,
  PERIODO NUMBER(6,0),
  SALDO NUMBER(35,8) NOT NULL,
  reparto_tipo NUMBER(1) NOT NULL,
  FECHA_CREACION DATE,
  FECHA_ACTUALIZACION DATE  
);
---------------------------------------------------------------------------------
-------------- CENTROS ---------------------------------------------------------
---------------------------------------------------------------------------------
CREATE TABLE PACIFICO_COSTOS.MS_centro_niveles (
  codigo VARCHAR2(8) NOT NULL,
  nombre VARCHAR2(100) NOT NULL,
  descripcion VARCHAR2(150) NULL,
  fecha_creacion DATE,
  fecha_actualizacion DATE,
  CONSTRAINT MS_centro_niveles_pk PRIMARY KEY(codigo)
);

INSERT INTO PACIFICO_COSTOS.MS_CENTRO_NIVELES(CODIGO,NOMBRE,DESCRIPCION,FECHA_CREACION,FECHA_ACTUALIZACION) VALUES ('-','TODOS','CENTROS DE COSTOS DE TODOS LOS NIVELES.',TO_DATE('01/01/18','DD/MM/RR'),TO_DATE('01/01/18','DD/MM/RR'));
INSERT INTO PACIFICO_COSTOS.MS_CENTRO_NIVELES(CODIGO,NOMBRE,DESCRIPCION,FECHA_CREACION,FECHA_ACTUALIZACION) VALUES ('1','1','CENTROS DE COSTOS DE NIVEL 1.',TO_DATE('01/01/18','DD/MM/RR'),TO_DATE('01/01/18','DD/MM/RR'));
INSERT INTO PACIFICO_COSTOS.MS_CENTRO_NIVELES(CODIGO,NOMBRE,DESCRIPCION,FECHA_CREACION,FECHA_ACTUALIZACION) VALUES ('2','2','CENTROS DE COSTOS DE NIVEL 2.',TO_DATE('01/01/18','DD/MM/RR'),TO_DATE('01/01/18','DD/MM/RR'));
INSERT INTO PACIFICO_COSTOS.MS_CENTRO_NIVELES(CODIGO,NOMBRE,DESCRIPCION,FECHA_CREACION,FECHA_ACTUALIZACION) VALUES ('3','3','CENTROS DE COSTOS DE NIVEL 3.',TO_DATE('01/01/18','DD/MM/RR'),TO_DATE('01/01/18','DD/MM/RR'));
INSERT INTO PACIFICO_COSTOS.MS_CENTRO_NIVELES(CODIGO,NOMBRE,DESCRIPCION,FECHA_CREACION,FECHA_ACTUALIZACION) VALUES ('4','4','CENTROS DE COSTOS DE NIVEL 4.',TO_DATE('01/01/18','DD/MM/RR'),TO_DATE('01/01/18','DD/MM/RR'));
INSERT INTO PACIFICO_COSTOS.MS_CENTRO_NIVELES(CODIGO,NOMBRE,DESCRIPCION,FECHA_CREACION,FECHA_ACTUALIZACION) VALUES ('5','5','CENTROS DE COSTOS DE NIVEL 5.',TO_DATE('01/01/18','DD/MM/RR'),TO_DATE('01/01/18','DD/MM/RR'));
INSERT INTO PACIFICO_COSTOS.MS_CENTRO_NIVELES(CODIGO,NOMBRE,DESCRIPCION,FECHA_CREACION,FECHA_ACTUALIZACION) VALUES ('6','6','CENTROS DE COSTOS DE NIVEL 6.',TO_DATE('01/01/18','DD/MM/RR'),TO_DATE('01/01/18','DD/MM/RR'));
INSERT INTO PACIFICO_COSTOS.MS_CENTRO_NIVELES(CODIGO,NOMBRE,DESCRIPCION,FECHA_CREACION,FECHA_ACTUALIZACION) VALUES ('7','7','CENTROS DE COSTOS DE NIVEL 7.',TO_DATE('01/01/18','DD/MM/RR'),TO_DATE('01/01/18','DD/MM/RR'));
INSERT INTO PACIFICO_COSTOS.MS_CENTRO_NIVELES(CODIGO,NOMBRE,DESCRIPCION,FECHA_CREACION,FECHA_ACTUALIZACION) VALUES ('8','8','CENTROS DE COSTOS DE NIVEL 8.',TO_DATE('01/01/18','DD/MM/RR'),TO_DATE('01/01/18','DD/MM/RR'));
INSERT INTO PACIFICO_COSTOS.MS_CENTRO_NIVELES(CODIGO,NOMBRE,DESCRIPCION,FECHA_CREACION,FECHA_ACTUALIZACION) VALUES ('9','9','CENTROS DE COSTOS DE NIVEL 9.',TO_DATE('01/01/18','DD/MM/RR'),TO_DATE('01/01/18','DD/MM/RR'));
INSERT INTO PACIFICO_COSTOS.MS_CENTRO_NIVELES(CODIGO,NOMBRE,DESCRIPCION,FECHA_CREACION,FECHA_ACTUALIZACION) VALUES ('10','10','CENTROS DE COSTOS DE NIVEL 10.',TO_DATE('01/01/18','DD/MM/RR'),TO_DATE('01/01/18','DD/MM/RR'));
INSERT INTO PACIFICO_COSTOS.MS_CENTRO_NIVELES(CODIGO,NOMBRE,DESCRIPCION,FECHA_CREACION,FECHA_ACTUALIZACION) VALUES ('11','11','CENTROS DE COSTOS DE NIVEL 11.',TO_DATE('01/01/18','DD/MM/RR'),TO_DATE('01/01/18','DD/MM/RR'));
INSERT INTO PACIFICO_COSTOS.MS_CENTRO_NIVELES(CODIGO,NOMBRE,DESCRIPCION,FECHA_CREACION,FECHA_ACTUALIZACION) VALUES ('12','12','CENTROS DE COSTOS DE NIVEL 12.',TO_DATE('01/01/18','DD/MM/RR'),TO_DATE('01/01/18','DD/MM/RR'));
INSERT INTO PACIFICO_COSTOS.MS_CENTRO_NIVELES(CODIGO,NOMBRE,DESCRIPCION,FECHA_CREACION,FECHA_ACTUALIZACION) VALUES ('13','13','CENTROS DE COSTOS DE NIVEL 13.',TO_DATE('01/01/18','DD/MM/RR'),TO_DATE('01/01/18','DD/MM/RR'));
INSERT INTO PACIFICO_COSTOS.MS_CENTRO_NIVELES(CODIGO,NOMBRE,DESCRIPCION,FECHA_CREACION,FECHA_ACTUALIZACION) VALUES ('14','14','CENTROS DE COSTOS DE NIVEL 14.',TO_DATE('01/01/18','DD/MM/RR'),TO_DATE('01/01/18','DD/MM/RR'));
INSERT INTO PACIFICO_COSTOS.MS_CENTRO_NIVELES(CODIGO,NOMBRE,DESCRIPCION,FECHA_CREACION,FECHA_ACTUALIZACION) VALUES ('15','15','CENTROS DE COSTOS DE NIVEL 15.',TO_DATE('01/01/18','DD/MM/RR'),TO_DATE('01/01/18','DD/MM/RR'));
INSERT INTO PACIFICO_COSTOS.MS_CENTRO_NIVELES(CODIGO,NOMBRE,DESCRIPCION,FECHA_CREACION,FECHA_ACTUALIZACION) VALUES ('16','16','CENTROS DE COSTOS DE NIVEL 16.',TO_DATE('01/01/18','DD/MM/RR'),TO_DATE('01/01/18','DD/MM/RR'));
INSERT INTO PACIFICO_COSTOS.MS_CENTRO_NIVELES(CODIGO,NOMBRE,DESCRIPCION,FECHA_CREACION,FECHA_ACTUALIZACION) VALUES ('17','17','CENTROS DE COSTOS DE NIVEL 17.',TO_DATE('01/01/18','DD/MM/RR'),TO_DATE('01/01/18','DD/MM/RR'));
INSERT INTO PACIFICO_COSTOS.MS_CENTRO_NIVELES(CODIGO,NOMBRE,DESCRIPCION,FECHA_CREACION,FECHA_ACTUALIZACION) VALUES ('18','18','CENTROS DE COSTOS DE NIVEL 18.',TO_DATE('01/01/18','DD/MM/RR'),TO_DATE('01/01/18','DD/MM/RR'));
INSERT INTO PACIFICO_COSTOS.MS_CENTRO_NIVELES(CODIGO,NOMBRE,DESCRIPCION,FECHA_CREACION,FECHA_ACTUALIZACION) VALUES ('19','19','CENTROS DE COSTOS DE NIVEL 19.',TO_DATE('01/01/18','DD/MM/RR'),TO_DATE('01/01/18','DD/MM/RR'));
INSERT INTO PACIFICO_COSTOS.MS_CENTRO_NIVELES(CODIGO,NOMBRE,DESCRIPCION,FECHA_CREACION,FECHA_ACTUALIZACION) VALUES ('20','20','CENTROS DE COSTOS DE NIVEL 20.',TO_DATE('01/01/18','DD/MM/RR'),TO_DATE('01/01/18','DD/MM/RR'));
INSERT INTO PACIFICO_COSTOS.MS_CENTRO_NIVELES(CODIGO,NOMBRE,DESCRIPCION,FECHA_CREACION,FECHA_ACTUALIZACION) VALUES ('21','21','CENTROS DE COSTOS DE NIVEL 21.',TO_DATE('01/01/18','DD/MM/RR'),TO_DATE('01/01/18','DD/MM/RR'));
INSERT INTO PACIFICO_COSTOS.MS_CENTRO_NIVELES(CODIGO,NOMBRE,DESCRIPCION,FECHA_CREACION,FECHA_ACTUALIZACION) VALUES ('22','22','CENTROS DE COSTOS DE NIVEL 22.',TO_DATE('01/01/18','DD/MM/RR'),TO_DATE('01/01/18','DD/MM/RR'));
INSERT INTO PACIFICO_COSTOS.MS_CENTRO_NIVELES(CODIGO,NOMBRE,DESCRIPCION,FECHA_CREACION,FECHA_ACTUALIZACION) VALUES ('23','23','CENTROS DE COSTOS DE NIVEL 23.',TO_DATE('01/01/18','DD/MM/RR'),TO_DATE('01/01/18','DD/MM/RR'));
INSERT INTO PACIFICO_COSTOS.MS_CENTRO_NIVELES(CODIGO,NOMBRE,DESCRIPCION,FECHA_CREACION,FECHA_ACTUALIZACION) VALUES ('24','24','CENTROS DE COSTOS DE NIVEL 24.',TO_DATE('01/01/18','DD/MM/RR'),TO_DATE('01/01/18','DD/MM/RR'));
INSERT INTO PACIFICO_COSTOS.MS_CENTRO_NIVELES(CODIGO,NOMBRE,DESCRIPCION,FECHA_CREACION,FECHA_ACTUALIZACION) VALUES ('25','25','CENTROS DE COSTOS DE NIVEL 25.',TO_DATE('01/01/18','DD/MM/RR'),TO_DATE('01/01/18','DD/MM/RR'));
INSERT INTO PACIFICO_COSTOS.MS_CENTRO_NIVELES(CODIGO,NOMBRE,DESCRIPCION,FECHA_CREACION,FECHA_ACTUALIZACION) VALUES ('26','26','CENTROS DE COSTOS DE NIVEL 26.',TO_DATE('01/01/18','DD/MM/RR'),TO_DATE('01/01/18','DD/MM/RR'));
INSERT INTO PACIFICO_COSTOS.MS_CENTRO_NIVELES(CODIGO,NOMBRE,DESCRIPCION,FECHA_CREACION,FECHA_ACTUALIZACION) VALUES ('27','27','CENTROS DE COSTOS DE NIVEL 27.',TO_DATE('01/01/18','DD/MM/RR'),TO_DATE('01/01/18','DD/MM/RR'));
INSERT INTO PACIFICO_COSTOS.MS_CENTRO_NIVELES(CODIGO,NOMBRE,DESCRIPCION,FECHA_CREACION,FECHA_ACTUALIZACION) VALUES ('28','28','CENTROS DE COSTOS DE NIVEL 28.',TO_DATE('01/01/18','DD/MM/RR'),TO_DATE('01/01/18','DD/MM/RR'));
INSERT INTO PACIFICO_COSTOS.MS_CENTRO_NIVELES(CODIGO,NOMBRE,DESCRIPCION,FECHA_CREACION,FECHA_ACTUALIZACION) VALUES ('29','29','CENTROS DE COSTOS DE NIVEL 29.',TO_DATE('01/01/18','DD/MM/RR'),TO_DATE('01/01/18','DD/MM/RR'));
INSERT INTO PACIFICO_COSTOS.MS_CENTRO_NIVELES(CODIGO,NOMBRE,DESCRIPCION,FECHA_CREACION,FECHA_ACTUALIZACION) VALUES ('30','30','CENTROS DE COSTOS DE NIVEL 30.',TO_DATE('01/01/18','DD/MM/RR'),TO_DATE('01/01/18','DD/MM/RR'));
INSERT INTO PACIFICO_COSTOS.MS_CENTRO_NIVELES(CODIGO,NOMBRE,DESCRIPCION,FECHA_CREACION,FECHA_ACTUALIZACION) VALUES ('31','31','CENTROS DE COSTOS DE NIVEL 31.',TO_DATE('01/01/18','DD/MM/RR'),TO_DATE('01/01/18','DD/MM/RR'));
INSERT INTO PACIFICO_COSTOS.MS_CENTRO_NIVELES(CODIGO,NOMBRE,DESCRIPCION,FECHA_CREACION,FECHA_ACTUALIZACION) VALUES ('32','32','CENTROS DE COSTOS DE NIVEL 32.',TO_DATE('01/01/18','DD/MM/RR'),TO_DATE('01/01/18','DD/MM/RR'));
INSERT INTO PACIFICO_COSTOS.MS_CENTRO_NIVELES(CODIGO,NOMBRE,DESCRIPCION,FECHA_CREACION,FECHA_ACTUALIZACION) VALUES ('33','33','CENTROS DE COSTOS DE NIVEL 33.',TO_DATE('01/01/18','DD/MM/RR'),TO_DATE('01/01/18','DD/MM/RR'));
INSERT INTO PACIFICO_COSTOS.MS_CENTRO_NIVELES(CODIGO,NOMBRE,DESCRIPCION,FECHA_CREACION,FECHA_ACTUALIZACION) VALUES ('34','34','CENTROS DE COSTOS DE NIVEL 34.',TO_DATE('01/01/18','DD/MM/RR'),TO_DATE('01/01/18','DD/MM/RR'));
INSERT INTO PACIFICO_COSTOS.MS_CENTRO_NIVELES(CODIGO,NOMBRE,DESCRIPCION,FECHA_CREACION,FECHA_ACTUALIZACION) VALUES ('35','35','CENTROS DE COSTOS DE NIVEL 35.',TO_DATE('01/01/18','DD/MM/RR'),TO_DATE('01/01/18','DD/MM/RR'));
INSERT INTO PACIFICO_COSTOS.MS_CENTRO_NIVELES(CODIGO,NOMBRE,DESCRIPCION,FECHA_CREACION,FECHA_ACTUALIZACION) VALUES ('36','36','CENTROS DE COSTOS DE NIVEL 36.',TO_DATE('01/01/18','DD/MM/RR'),TO_DATE('01/01/18','DD/MM/RR'));
INSERT INTO PACIFICO_COSTOS.MS_CENTRO_NIVELES(CODIGO,NOMBRE,DESCRIPCION,FECHA_CREACION,FECHA_ACTUALIZACION) VALUES ('37','37','CENTROS DE COSTOS DE NIVEL 37.',TO_DATE('01/01/18','DD/MM/RR'),TO_DATE('01/01/18','DD/MM/RR'));
INSERT INTO PACIFICO_COSTOS.MS_CENTRO_NIVELES(CODIGO,NOMBRE,DESCRIPCION,FECHA_CREACION,FECHA_ACTUALIZACION) VALUES ('38','38','CENTROS DE COSTOS DE NIVEL 38.',TO_DATE('01/01/18','DD/MM/RR'),TO_DATE('01/01/18','DD/MM/RR'));
INSERT INTO PACIFICO_COSTOS.MS_CENTRO_NIVELES(CODIGO,NOMBRE,DESCRIPCION,FECHA_CREACION,FECHA_ACTUALIZACION) VALUES ('39','39','CENTROS DE COSTOS DE NIVEL 39.',TO_DATE('01/01/18','DD/MM/RR'),TO_DATE('01/01/18','DD/MM/RR'));
INSERT INTO PACIFICO_COSTOS.MS_CENTRO_NIVELES(CODIGO,NOMBRE,DESCRIPCION,FECHA_CREACION,FECHA_ACTUALIZACION) VALUES ('40','40','CENTROS DE COSTOS DE NIVEL 40.',TO_DATE('01/01/18','DD/MM/RR'),TO_DATE('01/01/18','DD/MM/RR'));
INSERT INTO PACIFICO_COSTOS.MS_CENTRO_NIVELES(CODIGO,NOMBRE,DESCRIPCION,FECHA_CREACION,FECHA_ACTUALIZACION) VALUES ('41','41','CENTROS DE COSTOS DE NIVEL 41.',TO_DATE('01/01/18','DD/MM/RR'),TO_DATE('01/01/18','DD/MM/RR'));
INSERT INTO PACIFICO_COSTOS.MS_CENTRO_NIVELES(CODIGO,NOMBRE,DESCRIPCION,FECHA_CREACION,FECHA_ACTUALIZACION) VALUES ('42','42','CENTROS DE COSTOS DE NIVEL 42.',TO_DATE('01/01/18','DD/MM/RR'),TO_DATE('01/01/18','DD/MM/RR'));
INSERT INTO PACIFICO_COSTOS.MS_CENTRO_NIVELES(CODIGO,NOMBRE,DESCRIPCION,FECHA_CREACION,FECHA_ACTUALIZACION) VALUES ('43','43','CENTROS DE COSTOS DE NIVEL 43.',TO_DATE('01/01/18','DD/MM/RR'),TO_DATE('01/01/18','DD/MM/RR'));
INSERT INTO PACIFICO_COSTOS.MS_CENTRO_NIVELES(CODIGO,NOMBRE,DESCRIPCION,FECHA_CREACION,FECHA_ACTUALIZACION) VALUES ('44','44','CENTROS DE COSTOS DE NIVEL 44.',TO_DATE('01/01/18','DD/MM/RR'),TO_DATE('01/01/18','DD/MM/RR'));
INSERT INTO PACIFICO_COSTOS.MS_CENTRO_NIVELES(CODIGO,NOMBRE,DESCRIPCION,FECHA_CREACION,FECHA_ACTUALIZACION) VALUES ('45','45','CENTROS DE COSTOS DE NIVEL 45.',TO_DATE('01/01/18','DD/MM/RR'),TO_DATE('01/01/18','DD/MM/RR'));
INSERT INTO PACIFICO_COSTOS.MS_CENTRO_NIVELES(CODIGO,NOMBRE,DESCRIPCION,FECHA_CREACION,FECHA_ACTUALIZACION) VALUES ('46','46','CENTROS DE COSTOS DE NIVEL 46.',TO_DATE('01/01/18','DD/MM/RR'),TO_DATE('01/01/18','DD/MM/RR'));
INSERT INTO PACIFICO_COSTOS.MS_CENTRO_NIVELES(CODIGO,NOMBRE,DESCRIPCION,FECHA_CREACION,FECHA_ACTUALIZACION) VALUES ('47','47','CENTROS DE COSTOS DE NIVEL 47.',TO_DATE('01/01/18','DD/MM/RR'),TO_DATE('01/01/18','DD/MM/RR'));
INSERT INTO PACIFICO_COSTOS.MS_CENTRO_NIVELES(CODIGO,NOMBRE,DESCRIPCION,FECHA_CREACION,FECHA_ACTUALIZACION) VALUES ('48','48','CENTROS DE COSTOS DE NIVEL 48.',TO_DATE('01/01/18','DD/MM/RR'),TO_DATE('01/01/18','DD/MM/RR'));
INSERT INTO PACIFICO_COSTOS.MS_CENTRO_NIVELES(CODIGO,NOMBRE,DESCRIPCION,FECHA_CREACION,FECHA_ACTUALIZACION) VALUES ('49','49','CENTROS DE COSTOS DE NIVEL 49.',TO_DATE('01/01/18','DD/MM/RR'),TO_DATE('01/01/18','DD/MM/RR'));
INSERT INTO PACIFICO_COSTOS.MS_CENTRO_NIVELES(CODIGO,NOMBRE,DESCRIPCION,FECHA_CREACION,FECHA_ACTUALIZACION) VALUES ('50','50','CENTROS DE COSTOS DE NIVEL 50.',TO_DATE('01/01/18','DD/MM/RR'),TO_DATE('01/01/18','DD/MM/RR'));
INSERT INTO PACIFICO_COSTOS.MS_CENTRO_NIVELES(CODIGO,NOMBRE,DESCRIPCION,FECHA_CREACION,FECHA_ACTUALIZACION) VALUES ('51','51','CENTROS DE COSTOS DE NIVEL 51.',TO_DATE('01/01/18','DD/MM/RR'),TO_DATE('01/01/18','DD/MM/RR'));
INSERT INTO PACIFICO_COSTOS.MS_CENTRO_NIVELES(CODIGO,NOMBRE,DESCRIPCION,FECHA_CREACION,FECHA_ACTUALIZACION) VALUES ('52','52','CENTROS DE COSTOS DE NIVEL 52.',TO_DATE('01/01/18','DD/MM/RR'),TO_DATE('01/01/18','DD/MM/RR'));
INSERT INTO PACIFICO_COSTOS.MS_CENTRO_NIVELES(CODIGO,NOMBRE,DESCRIPCION,FECHA_CREACION,FECHA_ACTUALIZACION) VALUES ('53','53','CENTROS DE COSTOS DE NIVEL 53.',TO_DATE('01/01/18','DD/MM/RR'),TO_DATE('01/01/18','DD/MM/RR'));
INSERT INTO PACIFICO_COSTOS.MS_CENTRO_NIVELES(CODIGO,NOMBRE,DESCRIPCION,FECHA_CREACION,FECHA_ACTUALIZACION) VALUES ('54','54','CENTROS DE COSTOS DE NIVEL 54.',TO_DATE('01/01/18','DD/MM/RR'),TO_DATE('01/01/18','DD/MM/RR'));
INSERT INTO PACIFICO_COSTOS.MS_CENTRO_NIVELES(CODIGO,NOMBRE,DESCRIPCION,FECHA_CREACION,FECHA_ACTUALIZACION) VALUES ('55','55','CENTROS DE COSTOS DE NIVEL 55.',TO_DATE('01/01/18','DD/MM/RR'),TO_DATE('01/01/18','DD/MM/RR'));
INSERT INTO PACIFICO_COSTOS.MS_CENTRO_NIVELES(CODIGO,NOMBRE,DESCRIPCION,FECHA_CREACION,FECHA_ACTUALIZACION) VALUES ('56','56','CENTROS DE COSTOS DE NIVEL 56.',TO_DATE('01/01/18','DD/MM/RR'),TO_DATE('01/01/18','DD/MM/RR'));
INSERT INTO PACIFICO_COSTOS.MS_CENTRO_NIVELES(CODIGO,NOMBRE,DESCRIPCION,FECHA_CREACION,FECHA_ACTUALIZACION) VALUES ('57','57','CENTROS DE COSTOS DE NIVEL 57.',TO_DATE('01/01/18','DD/MM/RR'),TO_DATE('01/01/18','DD/MM/RR'));
INSERT INTO PACIFICO_COSTOS.MS_CENTRO_NIVELES(CODIGO,NOMBRE,DESCRIPCION,FECHA_CREACION,FECHA_ACTUALIZACION) VALUES ('58','58','CENTROS DE COSTOS DE NIVEL 58.',TO_DATE('01/01/18','DD/MM/RR'),TO_DATE('01/01/18','DD/MM/RR'));
INSERT INTO PACIFICO_COSTOS.MS_CENTRO_NIVELES(CODIGO,NOMBRE,DESCRIPCION,FECHA_CREACION,FECHA_ACTUALIZACION) VALUES ('59','59','CENTROS DE COSTOS DE NIVEL 59.',TO_DATE('01/01/18','DD/MM/RR'),TO_DATE('01/01/18','DD/MM/RR'));
INSERT INTO PACIFICO_COSTOS.MS_CENTRO_NIVELES(CODIGO,NOMBRE,DESCRIPCION,FECHA_CREACION,FECHA_ACTUALIZACION) VALUES ('60','60','CENTROS DE COSTOS DE NIVEL 60.',TO_DATE('01/01/18','DD/MM/RR'),TO_DATE('01/01/18','DD/MM/RR'));
INSERT INTO PACIFICO_COSTOS.MS_CENTRO_NIVELES(CODIGO,NOMBRE,DESCRIPCION,FECHA_CREACION,FECHA_ACTUALIZACION) VALUES ('61','61','CENTROS DE COSTOS DE NIVEL 61.',TO_DATE('01/01/18','DD/MM/RR'),TO_DATE('01/01/18','DD/MM/RR'));
INSERT INTO PACIFICO_COSTOS.MS_CENTRO_NIVELES(CODIGO,NOMBRE,DESCRIPCION,FECHA_CREACION,FECHA_ACTUALIZACION) VALUES ('62','62','CENTROS DE COSTOS DE NIVEL 62.',TO_DATE('01/01/18','DD/MM/RR'),TO_DATE('01/01/18','DD/MM/RR'));
INSERT INTO PACIFICO_COSTOS.MS_CENTRO_NIVELES(CODIGO,NOMBRE,DESCRIPCION,FECHA_CREACION,FECHA_ACTUALIZACION) VALUES ('63','63','CENTROS DE COSTOS DE NIVEL 63.',TO_DATE('01/01/18','DD/MM/RR'),TO_DATE('01/01/18','DD/MM/RR'));
INSERT INTO PACIFICO_COSTOS.MS_CENTRO_NIVELES(CODIGO,NOMBRE,DESCRIPCION,FECHA_CREACION,FECHA_ACTUALIZACION) VALUES ('64','64','CENTROS DE COSTOS DE NIVEL 64.',TO_DATE('01/01/18','DD/MM/RR'),TO_DATE('01/01/18','DD/MM/RR'));
INSERT INTO PACIFICO_COSTOS.MS_CENTRO_NIVELES(CODIGO,NOMBRE,DESCRIPCION,FECHA_CREACION,FECHA_ACTUALIZACION) VALUES ('65','65','CENTROS DE COSTOS DE NIVEL 65.',TO_DATE('01/01/18','DD/MM/RR'),TO_DATE('01/01/18','DD/MM/RR'));
INSERT INTO PACIFICO_COSTOS.MS_CENTRO_NIVELES(CODIGO,NOMBRE,DESCRIPCION,FECHA_CREACION,FECHA_ACTUALIZACION) VALUES ('66','66','CENTROS DE COSTOS DE NIVEL 66.',TO_DATE('01/01/18','DD/MM/RR'),TO_DATE('01/01/18','DD/MM/RR'));
INSERT INTO PACIFICO_COSTOS.MS_CENTRO_NIVELES(CODIGO,NOMBRE,DESCRIPCION,FECHA_CREACION,FECHA_ACTUALIZACION) VALUES ('67','67','CENTROS DE COSTOS DE NIVEL 67.',TO_DATE('01/01/18','DD/MM/RR'),TO_DATE('01/01/18','DD/MM/RR'));
INSERT INTO PACIFICO_COSTOS.MS_CENTRO_NIVELES(CODIGO,NOMBRE,DESCRIPCION,FECHA_CREACION,FECHA_ACTUALIZACION) VALUES ('68','68','CENTROS DE COSTOS DE NIVEL 68.',TO_DATE('01/01/18','DD/MM/RR'),TO_DATE('01/01/18','DD/MM/RR'));
INSERT INTO PACIFICO_COSTOS.MS_CENTRO_NIVELES(CODIGO,NOMBRE,DESCRIPCION,FECHA_CREACION,FECHA_ACTUALIZACION) VALUES ('69','69','CENTROS DE COSTOS DE NIVEL 69.',TO_DATE('01/01/18','DD/MM/RR'),TO_DATE('01/01/18','DD/MM/RR'));
INSERT INTO PACIFICO_COSTOS.MS_CENTRO_NIVELES(CODIGO,NOMBRE,DESCRIPCION,FECHA_CREACION,FECHA_ACTUALIZACION) VALUES ('70','70','CENTROS DE COSTOS DE NIVEL 70.',TO_DATE('01/01/18','DD/MM/RR'),TO_DATE('01/01/18','DD/MM/RR'));
INSERT INTO PACIFICO_COSTOS.MS_CENTRO_NIVELES(CODIGO,NOMBRE,DESCRIPCION,FECHA_CREACION,FECHA_ACTUALIZACION) VALUES ('71','71','CENTROS DE COSTOS DE NIVEL 71.',TO_DATE('01/01/18','DD/MM/RR'),TO_DATE('01/01/18','DD/MM/RR'));
INSERT INTO PACIFICO_COSTOS.MS_CENTRO_NIVELES(CODIGO,NOMBRE,DESCRIPCION,FECHA_CREACION,FECHA_ACTUALIZACION) VALUES ('72','72','CENTROS DE COSTOS DE NIVEL 72.',TO_DATE('01/01/18','DD/MM/RR'),TO_DATE('01/01/18','DD/MM/RR'));
INSERT INTO PACIFICO_COSTOS.MS_CENTRO_NIVELES(CODIGO,NOMBRE,DESCRIPCION,FECHA_CREACION,FECHA_ACTUALIZACION) VALUES ('73','73','CENTROS DE COSTOS DE NIVEL 73.',TO_DATE('01/01/18','DD/MM/RR'),TO_DATE('01/01/18','DD/MM/RR'));
INSERT INTO PACIFICO_COSTOS.MS_CENTRO_NIVELES(CODIGO,NOMBRE,DESCRIPCION,FECHA_CREACION,FECHA_ACTUALIZACION) VALUES ('74','74','CENTROS DE COSTOS DE NIVEL 74.',TO_DATE('01/01/18','DD/MM/RR'),TO_DATE('01/01/18','DD/MM/RR'));
INSERT INTO PACIFICO_COSTOS.MS_CENTRO_NIVELES(CODIGO,NOMBRE,DESCRIPCION,FECHA_CREACION,FECHA_ACTUALIZACION) VALUES ('75','75','CENTROS DE COSTOS DE NIVEL 75.',TO_DATE('01/01/18','DD/MM/RR'),TO_DATE('01/01/18','DD/MM/RR'));
INSERT INTO PACIFICO_COSTOS.MS_CENTRO_NIVELES(CODIGO,NOMBRE,DESCRIPCION,FECHA_CREACION,FECHA_ACTUALIZACION) VALUES ('76','76','CENTROS DE COSTOS DE NIVEL 76.',TO_DATE('01/01/18','DD/MM/RR'),TO_DATE('01/01/18','DD/MM/RR'));
INSERT INTO PACIFICO_COSTOS.MS_CENTRO_NIVELES(CODIGO,NOMBRE,DESCRIPCION,FECHA_CREACION,FECHA_ACTUALIZACION) VALUES ('77','77','CENTROS DE COSTOS DE NIVEL 77.',TO_DATE('01/01/18','DD/MM/RR'),TO_DATE('01/01/18','DD/MM/RR'));
INSERT INTO PACIFICO_COSTOS.MS_CENTRO_NIVELES(CODIGO,NOMBRE,DESCRIPCION,FECHA_CREACION,FECHA_ACTUALIZACION) VALUES ('78','78','CENTROS DE COSTOS DE NIVEL 78.',TO_DATE('01/01/18','DD/MM/RR'),TO_DATE('01/01/18','DD/MM/RR'));
INSERT INTO PACIFICO_COSTOS.MS_CENTRO_NIVELES(CODIGO,NOMBRE,DESCRIPCION,FECHA_CREACION,FECHA_ACTUALIZACION) VALUES ('79','79','CENTROS DE COSTOS DE NIVEL 79.',TO_DATE('01/01/18','DD/MM/RR'),TO_DATE('01/01/18','DD/MM/RR'));
INSERT INTO PACIFICO_COSTOS.MS_CENTRO_NIVELES(CODIGO,NOMBRE,DESCRIPCION,FECHA_CREACION,FECHA_ACTUALIZACION) VALUES ('80','80','CENTROS DE COSTOS DE NIVEL 80.',TO_DATE('01/01/18','DD/MM/RR'),TO_DATE('01/01/18','DD/MM/RR'));
INSERT INTO PACIFICO_COSTOS.MS_CENTRO_NIVELES(CODIGO,NOMBRE,DESCRIPCION,FECHA_CREACION,FECHA_ACTUALIZACION) VALUES ('81','81','CENTROS DE COSTOS DE NIVEL 81.',TO_DATE('01/01/18','DD/MM/RR'),TO_DATE('01/01/18','DD/MM/RR'));
INSERT INTO PACIFICO_COSTOS.MS_CENTRO_NIVELES(CODIGO,NOMBRE,DESCRIPCION,FECHA_CREACION,FECHA_ACTUALIZACION) VALUES ('82','82','CENTROS DE COSTOS DE NIVEL 82.',TO_DATE('01/01/18','DD/MM/RR'),TO_DATE('01/01/18','DD/MM/RR'));
INSERT INTO PACIFICO_COSTOS.MS_CENTRO_NIVELES(CODIGO,NOMBRE,DESCRIPCION,FECHA_CREACION,FECHA_ACTUALIZACION) VALUES ('83','83','CENTROS DE COSTOS DE NIVEL 83.',TO_DATE('01/01/18','DD/MM/RR'),TO_DATE('01/01/18','DD/MM/RR'));
INSERT INTO PACIFICO_COSTOS.MS_CENTRO_NIVELES(CODIGO,NOMBRE,DESCRIPCION,FECHA_CREACION,FECHA_ACTUALIZACION) VALUES ('84','84','CENTROS DE COSTOS DE NIVEL 84.',TO_DATE('01/01/18','DD/MM/RR'),TO_DATE('01/01/18','DD/MM/RR'));
INSERT INTO PACIFICO_COSTOS.MS_CENTRO_NIVELES(CODIGO,NOMBRE,DESCRIPCION,FECHA_CREACION,FECHA_ACTUALIZACION) VALUES ('85','85','CENTROS DE COSTOS DE NIVEL 85.',TO_DATE('01/01/18','DD/MM/RR'),TO_DATE('01/01/18','DD/MM/RR'));
INSERT INTO PACIFICO_COSTOS.MS_CENTRO_NIVELES(CODIGO,NOMBRE,DESCRIPCION,FECHA_CREACION,FECHA_ACTUALIZACION) VALUES ('86','86','CENTROS DE COSTOS DE NIVEL 86.',TO_DATE('01/01/18','DD/MM/RR'),TO_DATE('01/01/18','DD/MM/RR'));
INSERT INTO PACIFICO_COSTOS.MS_CENTRO_NIVELES(CODIGO,NOMBRE,DESCRIPCION,FECHA_CREACION,FECHA_ACTUALIZACION) VALUES ('87','87','CENTROS DE COSTOS DE NIVEL 87.',TO_DATE('01/01/18','DD/MM/RR'),TO_DATE('01/01/18','DD/MM/RR'));
INSERT INTO PACIFICO_COSTOS.MS_CENTRO_NIVELES(CODIGO,NOMBRE,DESCRIPCION,FECHA_CREACION,FECHA_ACTUALIZACION) VALUES ('88','88','CENTROS DE COSTOS DE NIVEL 88.',TO_DATE('01/01/18','DD/MM/RR'),TO_DATE('01/01/18','DD/MM/RR'));
INSERT INTO PACIFICO_COSTOS.MS_CENTRO_NIVELES(CODIGO,NOMBRE,DESCRIPCION,FECHA_CREACION,FECHA_ACTUALIZACION) VALUES ('89','89','CENTROS DE COSTOS DE NIVEL 89.',TO_DATE('01/01/18','DD/MM/RR'),TO_DATE('01/01/18','DD/MM/RR'));
INSERT INTO PACIFICO_COSTOS.MS_CENTRO_NIVELES(CODIGO,NOMBRE,DESCRIPCION,FECHA_CREACION,FECHA_ACTUALIZACION) VALUES ('90','90','CENTROS DE COSTOS DE NIVEL 90.',TO_DATE('01/01/18','DD/MM/RR'),TO_DATE('01/01/18','DD/MM/RR'));
INSERT INTO PACIFICO_COSTOS.MS_CENTRO_NIVELES(CODIGO,NOMBRE,DESCRIPCION,FECHA_CREACION,FECHA_ACTUALIZACION) VALUES ('91','91','CENTROS DE COSTOS DE NIVEL 91.',TO_DATE('01/01/18','DD/MM/RR'),TO_DATE('01/01/18','DD/MM/RR'));
INSERT INTO PACIFICO_COSTOS.MS_CENTRO_NIVELES(CODIGO,NOMBRE,DESCRIPCION,FECHA_CREACION,FECHA_ACTUALIZACION) VALUES ('92','92','CENTROS DE COSTOS DE NIVEL 92.',TO_DATE('01/01/18','DD/MM/RR'),TO_DATE('01/01/18','DD/MM/RR'));
INSERT INTO PACIFICO_COSTOS.MS_CENTRO_NIVELES(CODIGO,NOMBRE,DESCRIPCION,FECHA_CREACION,FECHA_ACTUALIZACION) VALUES ('93','93','CENTROS DE COSTOS DE NIVEL 93.',TO_DATE('01/01/18','DD/MM/RR'),TO_DATE('01/01/18','DD/MM/RR'));
INSERT INTO PACIFICO_COSTOS.MS_CENTRO_NIVELES(CODIGO,NOMBRE,DESCRIPCION,FECHA_CREACION,FECHA_ACTUALIZACION) VALUES ('94','94','CENTROS DE COSTOS DE NIVEL 94.',TO_DATE('01/01/18','DD/MM/RR'),TO_DATE('01/01/18','DD/MM/RR'));
INSERT INTO PACIFICO_COSTOS.MS_CENTRO_NIVELES(CODIGO,NOMBRE,DESCRIPCION,FECHA_CREACION,FECHA_ACTUALIZACION) VALUES ('95','95','CENTROS DE COSTOS DE NIVEL 95.',TO_DATE('01/01/18','DD/MM/RR'),TO_DATE('01/01/18','DD/MM/RR'));
INSERT INTO PACIFICO_COSTOS.MS_CENTRO_NIVELES(CODIGO,NOMBRE,DESCRIPCION,FECHA_CREACION,FECHA_ACTUALIZACION) VALUES ('96','96','CENTROS DE COSTOS DE NIVEL 96.',TO_DATE('01/01/18','DD/MM/RR'),TO_DATE('01/01/18','DD/MM/RR'));
INSERT INTO PACIFICO_COSTOS.MS_CENTRO_NIVELES(CODIGO,NOMBRE,DESCRIPCION,FECHA_CREACION,FECHA_ACTUALIZACION) VALUES ('97','97','CENTROS DE COSTOS DE NIVEL 97.',TO_DATE('01/01/18','DD/MM/RR'),TO_DATE('01/01/18','DD/MM/RR'));
INSERT INTO PACIFICO_COSTOS.MS_CENTRO_NIVELES(CODIGO,NOMBRE,DESCRIPCION,FECHA_CREACION,FECHA_ACTUALIZACION) VALUES ('98','98','CENTROS DE COSTOS DE NIVEL 98.',TO_DATE('01/01/18','DD/MM/RR'),TO_DATE('01/01/18','DD/MM/RR'));
INSERT INTO PACIFICO_COSTOS.MS_CENTRO_NIVELES(CODIGO,NOMBRE,DESCRIPCION,FECHA_CREACION,FECHA_ACTUALIZACION) VALUES ('99','99','CENTROS DE COSTOS DE NIVEL 99.',TO_DATE('01/01/18','DD/MM/RR'),TO_DATE('01/01/18','DD/MM/RR'));
INSERT INTO PACIFICO_COSTOS.MS_CENTRO_NIVELES(CODIGO,NOMBRE,DESCRIPCION,FECHA_CREACION,FECHA_ACTUALIZACION) VALUES ('0','0','CENTROS DE COSTOS DE NIVEL 0.',TO_DATE('01/01/18','DD/MM/RR'),TO_DATE('01/01/18','DD/MM/RR'));

COMMIT;
------------------------------------------------------------------------------------------
CREATE TABLE PACIFICO_COSTOS.MS_centro_tipos (
  codigo VARCHAR2(8) NOT NULL,
  nombre VARCHAR2(100) NOT NULL,
  descripcion VARCHAR2(150) NULL,
  fecha_creacion DATE,
  fecha_actualizacion DATE,
  CONSTRAINT MS_centro_tipos_pk PRIMARY KEY(codigo)
);

INSERT INTO PACIFICO_COSTOS.MS_CENTRO_TIPOS (CODIGO,NOMBRE,DESCRIPCION,FECHA_CREACION,FECHA_ACTUALIZACION) VALUES ('-','TODOS','TODOS LOS GRUPOS.',TO_DATE('01/01/18','DD/MM/RR'),TO_DATE('01/01/18','DD/MM/RR'));
INSERT INTO PACIFICO_COSTOS.MS_CENTRO_TIPOS (CODIGO,NOMBRE,DESCRIPCION,FECHA_CREACION,FECHA_ACTUALIZACION) VALUES ('STAFF','STAFF','CENTROS DE COSTOS CORRESPONDIENTES A LOS GASTOS DE STAFF.',TO_DATE('01/01/18','DD/MM/RR'),TO_DATE('01/01/18','DD/MM/RR'));
INSERT INTO PACIFICO_COSTOS.MS_CENTRO_TIPOS (CODIGO,NOMBRE,DESCRIPCION,FECHA_CREACION,FECHA_ACTUALIZACION) VALUES ('SOPORTE','SOPORTE','CENTROS DE COSTOS CORRESPONDIENTES A LOS GASTOS DE SOPORTE.',TO_DATE('01/01/18','DD/MM/RR'),TO_DATE('01/01/18','DD/MM/RR'));
INSERT INTO PACIFICO_COSTOS.MS_CENTRO_TIPOS (CODIGO,NOMBRE,DESCRIPCION,FECHA_CREACION,FECHA_ACTUALIZACION) VALUES ('LINEA','LINEA','CENTROS DE COSTOS A OBJETO LINEA DE NEGOCIO.',TO_DATE('01/01/18','DD/MM/RR'),TO_DATE('01/01/18','DD/MM/RR'));
INSERT INTO PACIFICO_COSTOS.MS_CENTRO_TIPOS (CODIGO,NOMBRE,DESCRIPCION,FECHA_CREACION,FECHA_ACTUALIZACION) VALUES ('CANAL','CANAL','CENTROS DE COSTOS A OBJETO CANAL.',TO_DATE('01/01/18','DD/MM/RR'),TO_DATE('01/01/18','DD/MM/RR'));
INSERT INTO PACIFICO_COSTOS.MS_CENTRO_TIPOS (CODIGO,NOMBRE,DESCRIPCION,FECHA_CREACION,FECHA_ACTUALIZACION) VALUES ('FICTICIO','FICTICIO','CENTROS DE COSTOS A LOS GASTOS DE APOYO FICTICIO.',TO_DATE('01/01/18','DD/MM/RR'),TO_DATE('01/01/18','DD/MM/RR'));
INSERT INTO PACIFICO_COSTOS.MS_CENTRO_TIPOS (CODIGO,NOMBRE,DESCRIPCION,FECHA_CREACION,FECHA_ACTUALIZACION) VALUES ('SALUD','SALUD','CENTROS DE COSTOS CORRESPONDIENTES A LOS GASTOS DE SALUD.',TO_DATE('01/01/18','DD/MM/RR'),TO_DATE('01/01/18','DD/MM/RR'));
INSERT INTO PACIFICO_COSTOS.MS_CENTRO_TIPOS (CODIGO,NOMBRE,DESCRIPCION,FECHA_CREACION,FECHA_ACTUALIZACION) VALUES ('BOLSA','BOLSA','CENTROS DE COSTOS CORRESPONDIENTES A LOS GASTOS DE BOLSAS.',TO_DATE('01/01/18','DD/MM/RR'),TO_DATE('01/01/18','DD/MM/RR'));
INSERT INTO PACIFICO_COSTOS.MS_CENTRO_TIPOS (CODIGO,NOMBRE,DESCRIPCION,FECHA_CREACION,FECHA_ACTUALIZACION) VALUES ('OFICINA', 'OFICINA', 'CENTROS DE COSTOS CORRESPONDIENTES A LOS GASTOS DE OFICINA.', TO_DATE('01/01/18', 'DD/MM/RR'), TO_DATE('01/01/18', 'DD/MM/RR'));
INSERT INTO PACIFICO_COSTOS.MS_CENTRO_TIPOS (CODIGO,NOMBRE,DESCRIPCION,FECHA_CREACION,FECHA_ACTUALIZACION) VALUES ('PROYECTO', 'PROYECTO', 'CENTROS DE COSTOS CORRESPONDIENTES A LOS GASTOS DE PROYECTO.', TO_DATE('01/01/18', 'DD/MM/RR'), TO_DATE('01/01/18', 'DD/MM/RR'));
COMMIT;
------------------------------------------------------------------------------------------
CREATE TABLE PACIFICO_COSTOS.MS_centros (
  codigo VARCHAR2(8) NOT NULL,
  nombre VARCHAR2(100) NOT NULL,
  esta_activo NUMBER(1) NULL,
  nivel NUMBER(10) NOT NULL,
  centro_padre_codigo VARCHAR2(8) NULL,
  centro_tipo_codigo VARCHAR2(8) NOT NULL,
  fecha_creacion DATE,
  fecha_actualizacion DATE,
  reparto_tipo NUMBER(1),
  niif17_atribuible CHAR(2 BYTE) NOT NULL ,
  niif17_tipo CHAR(2 BYTE) NOT NULL ,
  niif17_clase CHAR(2 BYTE) NOT NULL ,
  tipo_gasto NUMBER(1) NOT NULL,
  CONSTRAINT MS_centros_pk PRIMARY KEY(codigo)
);
------------------------------------------------------------------------------------------
CREATE TABLE PACIFICO_COSTOS.MS_centro_lineas (
  centro_codigo VARCHAR2(8) NOT NULL,
  periodo NUMBER(6) NOT NULL,
  iteracion NUMBER(10) NOT NULL,
  saldo NUMBER(35,15) NOT NULL,
  entidad_origen_codigo VARCHAR2(10) NOT NULL,
  grupo_gasto CHAR(2),
  reparto_tipo NUMBER(1) NOT NULL,
  CUENTA_CONTABLE_ORIGEN_CODIGO VARCHAR2(15 BYTE) NOT NULL,
  PARTIDA_ORIGEN_CODIGO VARCHAR2(6 BYTE) NOT NULL ,
  CENTRO_ORIGEN_CODIGO VARCHAR2(8) NOT NULL,
  fecha_creacion DATE,
  fecha_actualizacion DATE
);

---------------------------------------------------------------------------------
-------------- ENTIDAD TIPOS ---------------------------------------------------------
---------------------------------------------------------------------------------

CREATE TABLE PACIFICO_COSTOS.MS_entidad_tipos (
  codigo VARCHAR2(10) NOT NULL,
  nombre VARCHAR2(100) NOT NULL,
  descripcion VARCHAR2(150) NULL,
  CONSTRAINT MS_entidad_tipos_pk PRIMARY KEY(codigo)
);

INSERT INTO PACIFICO_COSTOS.MS_entidad_tipos(codigo,nombre) VALUES('-','Todos');
INSERT INTO PACIFICO_COSTOS.MS_entidad_tipos(codigo,nombre) VALUES('CTA','Cuenta Contable');
INSERT INTO PACIFICO_COSTOS.MS_entidad_tipos(codigo,nombre) VALUES('PART','Partida');
INSERT INTO PACIFICO_COSTOS.MS_entidad_tipos(codigo,nombre) VALUES('CECO','Centro de Costos');
INSERT INTO PACIFICO_COSTOS.MS_entidad_tipos(codigo,nombre) VALUES('PRO','Producto');
INSERT INTO PACIFICO_COSTOS.MS_entidad_tipos(codigo,nombre) VALUES ('SCA', 'Subcanal');
COMMIT;

---------------------------------------------------------------------------------
-------------- CUENTA - PARTIDA - CENTRO ---------------------------------------------------------
---------------------------------------------------------------------------------
CREATE TABLE PACIFICO_COSTOS.MS_CUENTA_PARTIDA_CENTRO (
  CUENTA_CONTABLE_CODIGO VARCHAR2(15 BYTE) NOT NULL ,
  PARTIDA_CODIGO VARCHAR2(6 BYTE) NOT NULL ,
  CENTRO_CODIGO VARCHAR2(8 BYTE) NOT NULL ,
  PERIODO NUMBER(6,0) NOT NULL,
  SALDO NUMBER(35,8) NOT NULL,
  REPARTO_TIPO NUMBER(1) NOT NULL,
  FECHA_CREACION DATE,
  FECHA_ACTUALIZACION DATE,
  CONSTRAINT MS_CUENTA_PARTIDA_CENTRO_PK PRIMARY KEY (CUENTA_CONTABLE_CODIGO, PARTIDA_CODIGO, CENTRO_CODIGO, REPARTO_TIPO, PERIODO)
);

---------------------------------------------------------------------------------
-------------- OBJETOS DE COSTO  ---------------------------------------------------------
---------------------------------------------------------------------------------
CREATE TABLE PACIFICO_COSTOS.MS_productos (
  codigo VARCHAR2(10) NOT NULL,
  nombre VARCHAR2(100) NOT NULL,
  esta_activo NUMBER(1) NULL,
  fecha_creacion DATE,
  fecha_actualizacion DATE,
  CONSTRAINT MS_productos_pk PRIMARY KEY(codigo)
);
------------------------------------------------------------------------------------------
CREATE TABLE PACIFICO_COSTOS.MS_producto_lineas (
  producto_codigo VARCHAR2(10) NOT NULL,
  periodo NUMBER(6) NOT NULL,
  reparto_tipo NUMBER(1) NOT NULL,
  fecha_creacion DATE,
  fecha_actualizacion DATE,
  CONSTRAINT MS_producto_lineas_pk PRIMARY KEY(producto_codigo,periodo)
);
------------------------------------------------------------------------------------------
CREATE TABLE PACIFICO_COSTOS.MS_producto_grupos (
  codigo VARCHAR2(10) NOT NULL,
  nombre VARCHAR2(100) NOT NULL,
  nivel NUMBER(2) NOT NULL,
  esta_activo NUMBER(1) NULL,
  fecha_creacion DATE,
  fecha_actualizacion DATE,
  CONSTRAINT MS_producto_grupos_pk PRIMARY KEY(codigo)
);
------------------------------------------------------------------------------------------
CREATE TABLE PACIFICO_COSTOS.MS_SUBCANALS
( CODIGO VARCHAR2(10 BYTE) NOT NULL,
  NOMBRE VARCHAR2(100 BYTE) NOT NULL,
  ESTA_ACTIVO NUMBER(1,0),
  FECHA_CREACION DATE,
  FECHA_ACTUALIZACION DATE
);
------------------------------------------------------------------------------------------
CREATE TABLE PACIFICO_COSTOS.MS_SUBCANAL_LINEAS
( SUBCANAL_CODIGO VARCHAR2(10 BYTE) NOT NULL,
  PERIODO NUMBER(6,0) NOT NULL ,
  reparto_tipo NUMBER(1) NOT NULL,
  FECHA_CREACION DATE,
  FECHA_ACTUALIZACION DATE
);
------------------------------------------------------------------------------------------
CREATE TABLE PACIFICO_COSTOS.MS_SUBCANAL_GRUPOS
  ( CODIGO VARCHAR2(10 BYTE) NOT NULL ,
 NOMBRE VARCHAR2(100 BYTE) NOT NULL ,
 NIVEL NUMBER(2,0) NOT NULL ,
 ESTA_ACTIVO NUMBER(1,0),
 FECHA_CREACION DATE,
 FECHA_ACTUALIZACION DATE,
 CONSTRAINT MS_subcanal_grupos_pk PRIMARY KEY(CODIGO)
);
------------------------------------------------------------------------------------------
CREATE TABLE PACIFICO_COSTOS.MS_jerarquia (
  periodo NUMBER(6) NOT NULL,
  entidad_codigo VARCHAR2(10) NOT NULL,
  entidad_tipo VARCHAR2(10) NOT NULL,
  nivel NUMBER(2) NOT NULL,
  entidad_padre_codigo VARCHAR2(10) NOT NULL,
  reparto_tipo NUMBER(1) NOT NULL,
  CONSTRAINT MS_jerarquia_pk PRIMARY KEY(periodo,entidad_codigo,entidad_tipo,nivel,entidad_padre_codigo,reparto_tipo)
);
---------------------------------------------------------------------------------
-------------- DRIVER   ---------------------------------------------------------
---------------------------------------------------------------------------------

CREATE TABLE PACIFICO_COSTOS.MS_driver_tipos (
  codigo VARCHAR2(10) NOT NULL,
  nombre VARCHAR2(100) NOT NULL,
  descripcion VARCHAR2(200) NULL,
  CONSTRAINT MS_driver_tipo_pk PRIMARY KEY (codigo)
);
INSERT INTO PACIFICO_COSTOS.MS_driver_tipos(codigo,nombre,descripcion) VALUES('CECO','Centros de Costos',null);
INSERT INTO PACIFICO_COSTOS.MS_driver_tipos(codigo,nombre,descripcion) VALUES('OBCO','Objetos de Costos',null);
COMMIT;
------------------------------------------------------------------------------------------
CREATE TABLE PACIFICO_COSTOS.MS_drivers (
  codigo VARCHAR2(10) NOT NULL,
  nombre VARCHAR2(100) NULL,
  driver_tipo_codigo VARCHAR2(10),
  reparto_tipo NUMBER(1) NOT NULL,
  fecha_creacion DATE,
  fecha_actualizacion DATE,
  CONSTRAINT MS_driver_pk PRIMARY KEY (codigo),
  CONSTRAINT MS_driver_1_fk FOREIGN KEY(driver_tipo_codigo) REFERENCES MS_driver_tipos(codigo)
);

-------------- DRIVER - CENTRO DE COSTOS   ---------------------------------------------------------
CREATE TABLE PACIFICO_COSTOS.MS_driver_lineas (
  driver_codigo VARCHAR2(10) NOT NULL,
  entidad_destino_codigo VARCHAR2(10) NOT NULL,
  periodo NUMBER(6) NOT NULL,
  porcentaje NUMBER(10,4) NOT NULL,
  reparto_tipo NUMBER(1) NOT NULL,
  fecha_creacion DATE,
  fecha_actualizacion DATE,
  CONSTRAINT MS_driver_lineas_pk PRIMARY KEY(driver_codigo,entidad_destino_codigo,periodo),
  CONSTRAINT MS_driver_lineas_1_fk FOREIGN KEY(driver_codigo) REFERENCES MS_drivers(codigo)
);
-------------- DRIVER - OBJETOS DE COSTOS   ---------------------------------------------------------
CREATE TABLE PACIFICO_COSTOS.MS_DRIVER_OBJETO_LINEAS
   (  DRIVER_CODIGO VARCHAR2(10 BYTE) NOT NULL,
  PRODUCTO_CODIGO VARCHAR2(10 BYTE) NOT NULL,
  SUBCANAL_CODIGO VARCHAR2(10 BYTE) NOT NULL,
  PERIODO NUMBER(6,0) NOT NULL,
  PORCENTAJE NUMBER(10,4) NOT NULL,
  reparto_tipo NUMBER(1) NOT NULL,
  FECHA_CREACION DATE,
  FECHA_ACTUALIZACION DATE
);

CREATE TABLE PACIFICO_COSTOS.MS_CARGAR_HOJA_DRIVER (
  EXCEL_FILA NUMBER(6) NOT NULL,
  DRIVER_CODIGO VARCHAR2(10) NOT NULL,
  CODIGO_1 VARCHAR2(10) NOT NULL,
  CODIGO_2 VARCHAR2(10) NULL,
  CODIGO_3 VARCHAR2(10) NULL,
  PORCENTAJE NUMBER(10,4) NOT NULL
);

---------------------------------------------------------------------------------
-------------- ASIGNACION DRIVER A CENTROS  ---------------------------------------------------------
---------------------------------------------------------------------------------
CREATE TABLE PACIFICO_COSTOS.MS_BOLSA_DRIVER
   (  DRIVER_CODIGO VARCHAR2(10 BYTE) NOT NULL ,
  CUENTA_CONTABLE_CODIGO VARCHAR2(15 BYTE) NOT NULL ,
  PARTIDA_CODIGO VARCHAR2(6 BYTE) NOT NULL ,
  CENTRO_CODIGO VARCHAR2(8 BYTE) NOT NULL ,
  PERIODO NUMBER(6,0) NOT NULL,
  reparto_tipo NUMBER(1) NOT NULL,
  FECHA_CREACION DATE,
  FECHA_ACTUALIZACION DATE
);

CREATE TABLE PACIFICO_COSTOS.MS_entidad_origen_driver (
  entidad_origen_codigo VARCHAR2(10) NOT NULL,
  driver_codigo VARCHAR2(10) NOT NULL,
  periodo NUMBER(6) NOT NULL,
  reparto_tipo NUMBER(1) NOT NULL,
  fecha_creacion DATE,
  fecha_actualizacion DATE,
  CONSTRAINT MS_entidad_origen_driver_pk PRIMARY KEY(entidad_origen_codigo,driver_codigo,periodo)
);

CREATE TABLE PACIFICO_COSTOS.MS_OBJETO_DRIVER
 (
    CENTRO_CODIGO VARCHAR2(8) NOT NULL,
    GRUPO_GASTO VARCHAR2(2) NOT NULL,
    DRIVER_CODIGO VARCHAR2(10) NOT NULL,
    PERIODO NUMBER(6, 0) NOT NULL,
    reparto_tipo NUMBER(1) NOT NULL,
    FECHA_CREACION DATE,
    FECHA_ACTUALIZACION DATE
 );
---------------------------------------------------------------------------------
-------------- EJECUCION  ---------------------------------------------------------
---------------------------------------------------------------------------------
CREATE TABLE PACIFICO_COSTOS.MS_ejecuciones (
  periodo NUMBER(6) NOT NULL,
  fase NUMBER(10) NOT NULL,
  reparto_tipo NUMBER(1) NOT NULL,
  fecha_ini DATE NOT NULL,
  fecha_fin DATE NULL
);

CREATE TABLE PACIFICO_COSTOS.MS_EJECUCION_TEMPORAL (
  periodo NUMBER(6) NOT NULL,
  fase NUMBER(10) NOT NULL,
  reparto_tipo NUMBER(1) NOT NULL
);

CREATE TABLE PACIFICO_COSTOS.MS_CIERRE_PROCESO (
  PERIODO NUMBER(6) NOT NULL,
  REPARTO_TIPO NUMBER(1) NOT NULL,
  ESTADO NUMBER(1) NOT NULL
);

CREATE TABLE PACIFICO_COSTOS.MS_CASCADA (
  CENTRO_CODIGO VARCHAR2(8) NOT NULL,
  PERIODO NUMBER(6) NOT NULL,
  ITERACION NUMBER(10) NOT NULL,
  SALDO NUMBER(35,15) NOT NULL,
  ENTIDAD_ORIGEN_CODIGO VARCHAR2(10) NOT NULL,
  GRUPO_GASTO CHAR(2),
  REPARTO_TIPO NUMBER(1) NOT NULL,
  CUENTA_CONTABLE_ORIGEN_CODIGO VARCHAR2(15 BYTE) NOT NULL,
  PARTIDA_ORIGEN_CODIGO VARCHAR2(6 BYTE) NOT NULL ,
  CENTRO_ORIGEN_CODIGO VARCHAR2(8) NOT NULL
);

CREATE TABLE PACIFICO_COSTOS.MS_OBJETO_LINEAS
(
  SUBCANAL_CODIGO VARCHAR2(10 BYTE) NOT NULL,
  PRODUCTO_CODIGO VARCHAR2(10 BYTE) NOT NULL,
  PERIODO NUMBER(6, 0) NOT NULL,
  CENTRO_CODIGO VARCHAR2(10 BYTE) NOT NULL,
  ENTIDAD_ORIGEN_CODIGO VARCHAR2(10 BYTE) NOT NULL,
  SALDO NUMBER(35, 15) NOT NULL,
  CUENTA_CONTABLE_ORIGEN_CODIGO VARCHAR2(15 BYTE) NOT NULL,
  PARTIDA_ORIGEN_CODIGO VARCHAR2(6 BYTE) NOT NULL ,
  CENTRO_ORIGEN_CODIGO VARCHAR2(8) NOT NULL,
  reparto_tipo NUMBER(1) NOT NULL,
  FECHA_CREACION DATE,
  FECHA_ACTUALIZACION DATE,
  GRUPO_GASTO CHAR(2 BYTE) NOT NULL,
  DRIVER_CODIGO VARCHAR2(10 BYTE) NOT NULL
);
---------------------------------------------------------------------------------
-------------- TRAZA  ---------------------------------------------------------
---------------------------------------------------------------------------------
CREATE TABLE PACIFICO_COSTOS.MS_TRAZA_CASCADA
(
  CENTRO_ORIGEN_CODIGO VARCHAR2(8 BYTE) NOT NULL,
  CENTRO_DESTINO_CODIGO VARCHAR2(8 BYTE) NOT NULL,
  PORCENTAJE NUMBER(35, 10) NOT NULL,
  PERIODO NUMBER(6, 0) NOT NULL,
  CENTRO_ORIGEN_NIVEL NUMBER(10, 0),
  CENTRO_DESTINO_NIVEL NUMBER(10, 0),
  FECHA_CREACION DATE,
  FECHA_ACTUALIZACION DATE,
  PRODUCTO_CODIGO VARCHAR2(10 BYTE),
  SUBCANAL_CODIGO VARCHAR2(10 BYTE),
  GRUPO_GASTO VARCHAR2(2 BYTE),
  reparto_tipo NUMBER(1) NOT NULL
);

CREATE TABLE PACIFICO_COSTOS.MS_TRAZA
(
  CENTRO_ORIGEN_CODIGO VARCHAR2(8 BYTE) NOT NULL,
  PRODUCTO_CODIGO VARCHAR2(10 BYTE),
  SUBCANAL_CODIGO VARCHAR2(10 BYTE),
  GRUPO_GASTO VARCHAR2(2 BYTE),
  PORCENTAJE NUMBER(35, 10) NOT NULL,
  PERIODO NUMBER(6, 0) NOT NULL,
  reparto_tipo NUMBER(1) NOT NULL,
  FECHA_CREACION DATE,
  FECHA_ACTUALIZACION DATE
);
---------------------------------------------------------------------------------
-------------- REPORTES ---------------------------------------------------------
---------------------------------------------------------------------------------
CREATE TABLE PACIFICO_COSTOS.MS_EJECUCIONES_REPORTES (
  PERIODO NUMBER(6) NOT NULL,
  REPARTO_TIPO NUMBER(1) NOT NULL,
  NRO_REPORTE NUMBER(1) NOT NULL,
  FECHA DATE NOT NULL
);

CREATE TABLE PACIFICO_COSTOS.MS_REPORTE_BOLSAS_OFICINAS_P (
  REPARTO_TIPO NUMBER(1),
  PERIODO NUMBER(6),
  CUENTA_CONTABLE_ORIGEN_CODIGO VARCHAR2(15),
  CUENTA_CONTABLE_ORIGEN_NOMBRE VARCHAR2(100),
  PARTIDA_ORIGEN_CODIGO VARCHAR2(6),
  PARTIDA_ORIGEN_NOMBRE VARCHAR2(100),
  CENTRO_ORIGEN_CODIGO VARCHAR2(8),
  CENTRO_ORIGEN_NOMBRE VARCHAR2(100),
  CENTRO_ORIGEN_NIVEL NUMBER(2),
  CENTRO_ORIGEN_TIPO VARCHAR2(8),
  CENTRO_DESTINO_CODIGO VARCHAR2(8),
  CENTRO_DESTINO_NOMBRE VARCHAR2(100),
  CENTRO_DESTINO_NIVEL NUMBER(2),
  CENTRO_DESTINO_TIPO VARCHAR2(8),
  MONTO NUMBER(35,15),
  DRIVER_CODIGO VARCHAR2(10),
  DRIVER_NOMBRE VARCHAR2(100),
  ASIGNACION VARCHAR2(8)
) PARTITION BY RANGE (PERIODO) (
  PARTITION P_202001 VALUES LESS THAN (202002),
  PARTITION P_202002 VALUES LESS THAN (202003),
  PARTITION P_202003 VALUES LESS THAN (202004),
  PARTITION P_202004 VALUES LESS THAN (202005),
  PARTITION P_202005 VALUES LESS THAN (202006),
  PARTITION P_202006 VALUES LESS THAN (202007),
  PARTITION P_202007 VALUES LESS THAN (202008),
  PARTITION P_202008 VALUES LESS THAN (202009),
  PARTITION P_202009 VALUES LESS THAN (202010),
  PARTITION P_202010 VALUES LESS THAN (202011),
  PARTITION P_202011 VALUES LESS THAN (202012),
  PARTITION P_202012 VALUES LESS THAN (202013),
  PARTITION P_202101 VALUES LESS THAN (202102),
  PARTITION P_202102 VALUES LESS THAN (202103),
  PARTITION P_202103 VALUES LESS THAN (202104),
  PARTITION P_202104 VALUES LESS THAN (202105),
  PARTITION P_202105 VALUES LESS THAN (202106),
  PARTITION P_202106 VALUES LESS THAN (202107),
  PARTITION P_202107 VALUES LESS THAN (202108),
  PARTITION P_202108 VALUES LESS THAN (202109),
  PARTITION P_202109 VALUES LESS THAN (202110),
  PARTITION P_202110 VALUES LESS THAN (202111),
  PARTITION P_202111 VALUES LESS THAN (202112),
  PARTITION P_202112 VALUES LESS THAN (202113)
);

CREATE TABLE PACIFICO_COSTOS.MS_REPORTE_CASCADA_P (
  REPARTO_TIPO NUMBER(1),
  PERIODO NUMBER(6),
  ITERACION NUMBER(2),  
  CUENTA_CONTABLE_INICIAL_CODIGO VARCHAR2(15),
  CUENTA_CONTABLE_INICIAL_NOMBRE VARCHAR2(100),
  PARTIDA_INICIAL_CODIGO VARCHAR2(6),
  PARTIDA_INICIAL_NOMBRE VARCHAR2(100),
  CENTRO_INICIAL_CODIGO VARCHAR2(8),
  CENTRO_INICIAL_NOMBRE VARCHAR2(100),
  CENTRO_INICIAL_NIVEL NUMBER(2),
  CENTRO_INICIAL_TIPO VARCHAR2(8),
  CENTRO_ORIGEN_CODIGO VARCHAR2(8),
  CENTRO_ORIGEN_NOMBRE VARCHAR2(100),
  CENTRO_ORIGEN_NIVEL NUMBER(2),
  CENTRO_ORIGEN_TIPO VARCHAR2(8),
  CENTRO_DESTINO_CODIGO VARCHAR2(8),
  CENTRO_DESTINO_NOMBRE VARCHAR2(100),
  CENTRO_DESTINO_NIVEL NUMBER(2),
  CENTRO_DESTINO_TIPO VARCHAR2(8),
  MONTO NUMBER(35,15),
  DRIVER_CODIGO VARCHAR2(10),
  DRIVER_NOMBRE VARCHAR2(100)
) PARTITION BY RANGE (PERIODO) (
  PARTITION P_202001 VALUES LESS THAN (202002),
  PARTITION P_202002 VALUES LESS THAN (202003),
  PARTITION P_202003 VALUES LESS THAN (202004),
  PARTITION P_202004 VALUES LESS THAN (202005),
  PARTITION P_202005 VALUES LESS THAN (202006),
  PARTITION P_202006 VALUES LESS THAN (202007),
  PARTITION P_202007 VALUES LESS THAN (202008),
  PARTITION P_202008 VALUES LESS THAN (202009),
  PARTITION P_202009 VALUES LESS THAN (202010),
  PARTITION P_202010 VALUES LESS THAN (202011),
  PARTITION P_202011 VALUES LESS THAN (202012),
  PARTITION P_202012 VALUES LESS THAN (202013),
  PARTITION P_202101 VALUES LESS THAN (202102),
  PARTITION P_202102 VALUES LESS THAN (202103),
  PARTITION P_202103 VALUES LESS THAN (202104),
  PARTITION P_202104 VALUES LESS THAN (202105),
  PARTITION P_202105 VALUES LESS THAN (202106),
  PARTITION P_202106 VALUES LESS THAN (202107),
  PARTITION P_202107 VALUES LESS THAN (202108),
  PARTITION P_202108 VALUES LESS THAN (202109),
  PARTITION P_202109 VALUES LESS THAN (202110),
  PARTITION P_202110 VALUES LESS THAN (202111),
  PARTITION P_202111 VALUES LESS THAN (202112),
  PARTITION P_202112 VALUES LESS THAN (202113)
);

CREATE TABLE PACIFICO_COSTOS.MS_REPORTE_OBJETOS_P (
  REPARTO_TIPO NUMBER(1),
  PERIODO NUMBER(6),
  CUENTA_CONTABLE_INICIAL_CODIGO VARCHAR2(15),
  CUENTA_CONTABLE_INICIAL_NOMBRE VARCHAR2(100),
  PARTIDA_INICIAL_CODIGO VARCHAR2(6),
  PARTIDA_INICIAL_NOMBRE VARCHAR2(100),
  CENTRO_INICIAL_CODIGO VARCHAR2(8),
  CENTRO_INICIAL_NOMBRE VARCHAR2(100),
  CENTRO_INICIAL_NIVEL NUMBER(2),
  CENTRO_INICIAL_TIPO VARCHAR2(8),
  PRODUCTO_CODIGO VARCHAR2(10),
  PRODUCTO_NOMBRE VARCHAR2(100),
  LINEA_CODIGO VARCHAR2(10),
  LINEA_NOMBRE VARCHAR2(100),
  SUBCANAL_CODIGO VARCHAR2(10),
  SUBCANAL_NOMBRE VARCHAR2(100),
  CANAL_CODIGO VARCHAR2(10),
  CANAL_NOMBRE VARCHAR2(100),
  CENTRO_ORIGEN_CODIGO VARCHAR2(8),
  CENTRO_ORIGEN_NOMBRE VARCHAR2(100),
  CENTRO_ORIGEN_NIVEL NUMBER(2),
  CENTRO_ORIGEN_TIPO VARCHAR2(8),
  CENTRO_CODIGO VARCHAR2(8),
  CENTRO_NOMBRE VARCHAR2(100),
  CENTRO_NIVEL NUMBER(2),
  CENTRO_TIPO VARCHAR2(8),
  GRUPO_GASTO VARCHAR2(100),
  MONTO NUMBER(35,15),
  DRIVER_CODIGO VARCHAR2(10),
  DRIVER_NOMBRE VARCHAR2(100)
) PARTITION BY RANGE (PERIODO) (
  PARTITION P_202001 VALUES LESS THAN (202002),
  PARTITION P_202002 VALUES LESS THAN (202003),
  PARTITION P_202003 VALUES LESS THAN (202004),
  PARTITION P_202004 VALUES LESS THAN (202005),
  PARTITION P_202005 VALUES LESS THAN (202006),
  PARTITION P_202006 VALUES LESS THAN (202007),
  PARTITION P_202007 VALUES LESS THAN (202008),
  PARTITION P_202008 VALUES LESS THAN (202009),
  PARTITION P_202009 VALUES LESS THAN (202010),
  PARTITION P_202010 VALUES LESS THAN (202011),
  PARTITION P_202011 VALUES LESS THAN (202012),
  PARTITION P_202012 VALUES LESS THAN (202013),
  PARTITION P_202101 VALUES LESS THAN (202102),
  PARTITION P_202102 VALUES LESS THAN (202103),
  PARTITION P_202103 VALUES LESS THAN (202104),
  PARTITION P_202104 VALUES LESS THAN (202105),
  PARTITION P_202105 VALUES LESS THAN (202106),
  PARTITION P_202106 VALUES LESS THAN (202107),
  PARTITION P_202107 VALUES LESS THAN (202108),
  PARTITION P_202108 VALUES LESS THAN (202109),
  PARTITION P_202109 VALUES LESS THAN (202110),
  PARTITION P_202110 VALUES LESS THAN (202111),
  PARTITION P_202111 VALUES LESS THAN (202112),
  PARTITION P_202112 VALUES LESS THAN (202113)
);

CREATE TABLE PACIFICO_COSTOS.MS_REPORTE_BOLSAS_OFICINAS_R (
  REPARTO_TIPO NUMBER(1),
  PERIODO NUMBER(6),
  CUENTA_CONTABLE_ORIGEN_CODIGO VARCHAR2(15),
  CUENTA_CONTABLE_ORIGEN_NOMBRE VARCHAR2(100),
  PARTIDA_ORIGEN_CODIGO VARCHAR2(6),
  PARTIDA_ORIGEN_NOMBRE VARCHAR2(100),
  CENTRO_ORIGEN_CODIGO VARCHAR2(8),
  CENTRO_ORIGEN_NOMBRE VARCHAR2(100),
  CENTRO_ORIGEN_NIVEL NUMBER(2),
  CENTRO_ORIGEN_TIPO VARCHAR2(8),
  CENTRO_DESTINO_CODIGO VARCHAR2(8),
  CENTRO_DESTINO_NOMBRE VARCHAR2(100),
  CENTRO_DESTINO_NIVEL NUMBER(2),
  CENTRO_DESTINO_TIPO VARCHAR2(8),
  MONTO NUMBER(35,15),
  DRIVER_CODIGO VARCHAR2(10),
  DRIVER_NOMBRE VARCHAR2(100),
  ASIGNACION VARCHAR2(8)
) PARTITION BY RANGE (PERIODO) (
  PARTITION P_202001 VALUES LESS THAN (202002),
  PARTITION P_202002 VALUES LESS THAN (202003),
  PARTITION P_202003 VALUES LESS THAN (202004),
  PARTITION P_202004 VALUES LESS THAN (202005),
  PARTITION P_202005 VALUES LESS THAN (202006),
  PARTITION P_202006 VALUES LESS THAN (202007),
  PARTITION P_202007 VALUES LESS THAN (202008),
  PARTITION P_202008 VALUES LESS THAN (202009),
  PARTITION P_202009 VALUES LESS THAN (202010),
  PARTITION P_202010 VALUES LESS THAN (202011),
  PARTITION P_202011 VALUES LESS THAN (202012),
  PARTITION P_202012 VALUES LESS THAN (202013),
  PARTITION P_202101 VALUES LESS THAN (202102),
  PARTITION P_202102 VALUES LESS THAN (202103),
  PARTITION P_202103 VALUES LESS THAN (202104),
  PARTITION P_202104 VALUES LESS THAN (202105),
  PARTITION P_202105 VALUES LESS THAN (202106),
  PARTITION P_202106 VALUES LESS THAN (202107),
  PARTITION P_202107 VALUES LESS THAN (202108),
  PARTITION P_202108 VALUES LESS THAN (202109),
  PARTITION P_202109 VALUES LESS THAN (202110),
  PARTITION P_202110 VALUES LESS THAN (202111),
  PARTITION P_202111 VALUES LESS THAN (202112),
  PARTITION P_202112 VALUES LESS THAN (202113)
);

CREATE TABLE PACIFICO_COSTOS.MS_REPORTE_CASCADA_R (
  REPARTO_TIPO NUMBER(1),
  PERIODO NUMBER(6),
  ITERACION NUMBER(2),  
  CUENTA_CONTABLE_INICIAL_CODIGO VARCHAR2(15),
  CUENTA_CONTABLE_INICIAL_NOMBRE VARCHAR2(100),
  PARTIDA_INICIAL_CODIGO VARCHAR2(6),
  PARTIDA_INICIAL_NOMBRE VARCHAR2(100),
  CENTRO_INICIAL_CODIGO VARCHAR2(8),
  CENTRO_INICIAL_NOMBRE VARCHAR2(100),
  CENTRO_INICIAL_NIVEL NUMBER(2),
  CENTRO_INICIAL_TIPO VARCHAR2(8),
  CENTRO_ORIGEN_CODIGO VARCHAR2(8),
  CENTRO_ORIGEN_NOMBRE VARCHAR2(100),
  CENTRO_ORIGEN_NIVEL NUMBER(2),
  CENTRO_ORIGEN_TIPO VARCHAR2(8),
  CENTRO_DESTINO_CODIGO VARCHAR2(8),
  CENTRO_DESTINO_NOMBRE VARCHAR2(100),
  CENTRO_DESTINO_NIVEL NUMBER(2),
  CENTRO_DESTINO_TIPO VARCHAR2(8),
  MONTO NUMBER(35,15),
  DRIVER_CODIGO VARCHAR2(10),
  DRIVER_NOMBRE VARCHAR2(100)
) PARTITION BY RANGE (PERIODO) (
  PARTITION P_202001 VALUES LESS THAN (202002),
  PARTITION P_202002 VALUES LESS THAN (202003),
  PARTITION P_202003 VALUES LESS THAN (202004),
  PARTITION P_202004 VALUES LESS THAN (202005),
  PARTITION P_202005 VALUES LESS THAN (202006),
  PARTITION P_202006 VALUES LESS THAN (202007),
  PARTITION P_202007 VALUES LESS THAN (202008),
  PARTITION P_202008 VALUES LESS THAN (202009),
  PARTITION P_202009 VALUES LESS THAN (202010),
  PARTITION P_202010 VALUES LESS THAN (202011),
  PARTITION P_202011 VALUES LESS THAN (202012),
  PARTITION P_202012 VALUES LESS THAN (202013),
  PARTITION P_202101 VALUES LESS THAN (202102),
  PARTITION P_202102 VALUES LESS THAN (202103),
  PARTITION P_202103 VALUES LESS THAN (202104),
  PARTITION P_202104 VALUES LESS THAN (202105),
  PARTITION P_202105 VALUES LESS THAN (202106),
  PARTITION P_202106 VALUES LESS THAN (202107),
  PARTITION P_202107 VALUES LESS THAN (202108),
  PARTITION P_202108 VALUES LESS THAN (202109),
  PARTITION P_202109 VALUES LESS THAN (202110),
  PARTITION P_202110 VALUES LESS THAN (202111),
  PARTITION P_202111 VALUES LESS THAN (202112),
  PARTITION P_202112 VALUES LESS THAN (202113)
);

CREATE TABLE PACIFICO_COSTOS.MS_REPORTE_OBJETOS_R (
  REPARTO_TIPO NUMBER(1),
  PERIODO NUMBER(6),
  CUENTA_CONTABLE_INICIAL_CODIGO VARCHAR2(15),
  CUENTA_CONTABLE_INICIAL_NOMBRE VARCHAR2(100),
  PARTIDA_INICIAL_CODIGO VARCHAR2(6),
  PARTIDA_INICIAL_NOMBRE VARCHAR2(100),
  CENTRO_INICIAL_CODIGO VARCHAR2(8),
  CENTRO_INICIAL_NOMBRE VARCHAR2(100),
  CENTRO_INICIAL_NIVEL NUMBER(2),
  CENTRO_INICIAL_TIPO VARCHAR2(8),
  PRODUCTO_CODIGO VARCHAR2(10),
  PRODUCTO_NOMBRE VARCHAR2(100),
  LINEA_CODIGO VARCHAR2(10),
  LINEA_NOMBRE VARCHAR2(100),
  SUBCANAL_CODIGO VARCHAR2(10),
  SUBCANAL_NOMBRE VARCHAR2(100),
  CANAL_CODIGO VARCHAR2(10),
  CANAL_NOMBRE VARCHAR2(100),
  CENTRO_ORIGEN_CODIGO VARCHAR2(8),
  CENTRO_ORIGEN_NOMBRE VARCHAR2(100),
  CENTRO_ORIGEN_NIVEL NUMBER(2),
  CENTRO_ORIGEN_TIPO VARCHAR2(8),
  CENTRO_CODIGO VARCHAR2(8),
  CENTRO_NOMBRE VARCHAR2(100),
  CENTRO_NIVEL NUMBER(2),
  CENTRO_TIPO VARCHAR2(8),
  GRUPO_GASTO VARCHAR2(100),
  MONTO NUMBER(35,15),
  DRIVER_CODIGO VARCHAR2(10),
  DRIVER_NOMBRE VARCHAR2(100)
) PARTITION BY RANGE (PERIODO) (
  PARTITION P_202001 VALUES LESS THAN (202002),
  PARTITION P_202002 VALUES LESS THAN (202003),
  PARTITION P_202003 VALUES LESS THAN (202004),
  PARTITION P_202004 VALUES LESS THAN (202005),
  PARTITION P_202005 VALUES LESS THAN (202006),
  PARTITION P_202006 VALUES LESS THAN (202007),
  PARTITION P_202007 VALUES LESS THAN (202008),
  PARTITION P_202008 VALUES LESS THAN (202009),
  PARTITION P_202009 VALUES LESS THAN (202010),
  PARTITION P_202010 VALUES LESS THAN (202011),
  PARTITION P_202011 VALUES LESS THAN (202012),
  PARTITION P_202012 VALUES LESS THAN (202013),
  PARTITION P_202101 VALUES LESS THAN (202102),
  PARTITION P_202102 VALUES LESS THAN (202103),
  PARTITION P_202103 VALUES LESS THAN (202104),
  PARTITION P_202104 VALUES LESS THAN (202105),
  PARTITION P_202105 VALUES LESS THAN (202106),
  PARTITION P_202106 VALUES LESS THAN (202107),
  PARTITION P_202107 VALUES LESS THAN (202108),
  PARTITION P_202108 VALUES LESS THAN (202109),
  PARTITION P_202109 VALUES LESS THAN (202110),
  PARTITION P_202110 VALUES LESS THAN (202111),
  PARTITION P_202111 VALUES LESS THAN (202112),
  PARTITION P_202112 VALUES LESS THAN (202113)
);
